"datetime","value"
"2019-04-26T00:00:00+00:00","134.899993896"
"2019-04-26T00:01:00+00:00","130.100006104"
"2019-04-26T00:02:00+00:00","138.5"
"2019-04-26T00:03:00+00:00","142.600006104"
"2019-04-26T00:04:00+00:00","131.199996948"
"2019-04-26T00:05:00+00:00","106.099998474"
"2019-04-26T00:06:00+00:00","0"
"2019-04-26T00:07:00+00:00","0"
"2019-04-26T00:08:00+00:00","0"
"2019-04-26T00:09:00+00:00","0"
"2019-04-26T00:10:00+00:00","0"
"2019-04-26T00:11:00+00:00","0"
"2019-04-26T00:12:00+00:00","126.099998474"
"2019-04-26T00:13:00+00:00","0"
"2019-04-26T00:14:00+00:00","161"
"2019-04-26T00:15:00+00:00","165.699996948"
"2019-04-26T00:16:00+00:00","155.899993896"
"2019-04-26T00:17:00+00:00","157.199996948"
"2019-04-26T00:18:00+00:00","145.699996948"
"2019-04-26T00:19:00+00:00","142"
"2019-04-26T00:20:00+00:00","142.399993896"
"2019-04-26T00:21:00+00:00","142.300003052"
"2019-04-26T00:22:00+00:00","141.600006104"
"2019-04-26T00:23:00+00:00","147.800003052"
"2019-04-26T00:24:00+00:00","140.199996948"
"2019-04-26T00:25:00+00:00","131.100006104"
"2019-04-26T00:26:00+00:00","130.100006104"
"2019-04-26T00:27:00+00:00","139.600006104"
"2019-04-26T00:28:00+00:00","134.800003052"
"2019-04-26T00:29:00+00:00","140.300003052"
"2019-04-26T00:30:00+00:00","144"
"2019-04-26T00:31:00+00:00","134"
"2019-04-26T00:32:00+00:00","136.600006104"
"2019-04-26T00:33:00+00:00","119.5"
"2019-04-26T00:34:00+00:00","97.6999969482"
"2019-04-26T00:35:00+00:00","91.5999984741"
"2019-04-26T00:36:00+00:00","95.8000030518"
"2019-04-26T00:37:00+00:00","94.1999969482"
"2019-04-26T00:38:00+00:00","133.699996948"
"2019-04-26T00:39:00+00:00","125.300003052"
"2019-04-26T00:40:00+00:00","145.800003052"
"2019-04-26T00:41:00+00:00","137.199996948"
"2019-04-26T00:42:00+00:00","120.199996948"
"2019-04-26T00:43:00+00:00","91.3000030518"
"2019-04-26T00:44:00+00:00","0"
"2019-04-26T00:45:00+00:00","0"
"2019-04-26T00:46:00+00:00","0"
"2019-04-26T00:47:00+00:00","0"
"2019-04-26T00:48:00+00:00","0"
"2019-04-26T00:49:00+00:00","0"
"2019-04-26T00:50:00+00:00","0"
"2019-04-26T00:51:00+00:00","0"
"2019-04-26T00:52:00+00:00","0"
"2019-04-26T00:53:00+00:00","0"
"2019-04-26T00:54:00+00:00","0"
"2019-04-26T00:55:00+00:00","0"
"2019-04-26T00:56:00+00:00","0"
"2019-04-26T00:57:00+00:00","0"
"2019-04-26T00:58:00+00:00","331.899993896"
"2019-04-26T00:59:00+00:00","324.799987793"
"2019-04-26T01:00:00+00:00","0"
"2019-04-26T01:01:00+00:00","191.699996948"
"2019-04-26T01:02:00+00:00","188.100006104"
"2019-04-26T01:03:00+00:00","156.699996948"
"2019-04-26T01:04:00+00:00","161.600006104"
"2019-04-26T01:05:00+00:00","139.5"
"2019-04-26T01:06:00+00:00","146.300003052"
"2019-04-26T01:07:00+00:00","141.800003052"
"2019-04-26T01:08:00+00:00","102.300003052"
"2019-04-26T01:09:00+00:00","121"
"2019-04-26T01:10:00+00:00","110.400001526"
"2019-04-26T01:11:00+00:00","91.1999969482"
"2019-04-26T01:12:00+00:00","92.6999969482"
"2019-04-26T01:13:00+00:00","73.4000015259"
"2019-04-26T01:14:00+00:00","83.5"
"2019-04-26T01:15:00+00:00","90.8000030518"
"2019-04-26T01:16:00+00:00","96.5999984741"
"2019-04-26T01:17:00+00:00","87.8000030518"
"2019-04-26T01:18:00+00:00","88.3000030518"
"2019-04-26T01:19:00+00:00","0"
"2019-04-26T01:20:00+00:00","0"
"2019-04-26T01:21:00+00:00","359.799987793"
"2019-04-26T01:22:00+00:00","322.899993896"
"2019-04-26T01:23:00+00:00","318.700012207"
"2019-04-26T01:24:00+00:00","340"
"2019-04-26T01:25:00+00:00","0"
"2019-04-26T01:26:00+00:00","0"
"2019-04-26T01:27:00+00:00","0"
"2019-04-26T01:28:00+00:00","0"
"2019-04-26T01:29:00+00:00","0"
"2019-04-26T01:30:00+00:00","0"
"2019-04-26T01:31:00+00:00","0"
"2019-04-26T01:32:00+00:00","54.2000007629"
"2019-04-26T01:33:00+00:00","49.4000015259"
"2019-04-26T01:34:00+00:00","0"
"2019-04-26T01:35:00+00:00","0"
"2019-04-26T01:36:00+00:00","0"
"2019-04-26T01:37:00+00:00","0"
"2019-04-26T01:38:00+00:00","0"
"2019-04-26T01:39:00+00:00","329.5"
"2019-04-26T01:40:00+00:00","335.600006104"
"2019-04-26T01:41:00+00:00","334.899993896"
"2019-04-26T01:42:00+00:00","340.399993896"
"2019-04-26T01:43:00+00:00","345.600006104"
"2019-04-26T01:44:00+00:00","351.399993896"
"2019-04-26T01:45:00+00:00","352.799987793"
"2019-04-26T01:46:00+00:00","354.5"
"2019-04-26T01:47:00+00:00","311.700012207"
"2019-04-26T01:48:00+00:00","0"
"2019-04-26T01:49:00+00:00","342.5"
"2019-04-26T01:50:00+00:00","0"
"2019-04-26T01:51:00+00:00","0"
"2019-04-26T01:52:00+00:00","0"
"2019-04-26T01:53:00+00:00","0"
"2019-04-26T01:54:00+00:00","338.799987793"
"2019-04-26T01:55:00+00:00","334.399993896"
"2019-04-26T01:56:00+00:00","331.799987793"
"2019-04-26T01:57:00+00:00","325.5"
"2019-04-26T01:58:00+00:00","335.5"
"2019-04-26T01:59:00+00:00","317.100006104"
"2019-04-26T02:00:00+00:00","4.69999980927"
"2019-04-26T02:01:00+00:00","0"
"2019-04-26T02:02:00+00:00","0"
"2019-04-26T02:03:00+00:00","34.5999984741"
"2019-04-26T02:04:00+00:00","0"
"2019-04-26T02:05:00+00:00","0"
"2019-04-26T02:06:00+00:00","0"
"2019-04-26T02:07:00+00:00","0"
"2019-04-26T02:08:00+00:00","0"
"2019-04-26T02:09:00+00:00","0"
"2019-04-26T02:10:00+00:00","0"
"2019-04-26T02:11:00+00:00","333.799987793"
"2019-04-26T02:12:00+00:00","329.399993896"
"2019-04-26T02:13:00+00:00","327.899993896"
"2019-04-26T02:14:00+00:00","319.100006104"
"2019-04-26T02:15:00+00:00","339.700012207"
"2019-04-26T02:16:00+00:00","350.299987793"
"2019-04-26T02:17:00+00:00","359.5"
"2019-04-26T02:18:00+00:00","354.600006104"
"2019-04-26T02:19:00+00:00","6.09999990463"
"2019-04-26T02:20:00+00:00","346.299987793"
"2019-04-26T02:21:00+00:00","345.799987793"
"2019-04-26T02:22:00+00:00","333"
"2019-04-26T02:23:00+00:00","338.399993896"
"2019-04-26T02:24:00+00:00","337.5"
"2019-04-26T02:25:00+00:00","336.799987793"
"2019-04-26T02:26:00+00:00","346.899993896"
"2019-04-26T02:27:00+00:00","345.5"
"2019-04-26T02:28:00+00:00","325.700012207"
"2019-04-26T02:29:00+00:00","343.200012207"
"2019-04-26T02:30:00+00:00","343.899993896"
"2019-04-26T02:31:00+00:00","348.299987793"
"2019-04-26T02:32:00+00:00","340.700012207"
"2019-04-26T02:33:00+00:00","352.799987793"
"2019-04-26T02:34:00+00:00","0"
"2019-04-26T02:35:00+00:00","0"
"2019-04-26T02:36:00+00:00","0"
"2019-04-26T02:37:00+00:00","0"
"2019-04-26T02:38:00+00:00","0"
"2019-04-26T02:39:00+00:00","330.299987793"
"2019-04-26T02:40:00+00:00","331.799987793"
"2019-04-26T02:41:00+00:00","356.5"
"2019-04-26T02:42:00+00:00","341"
"2019-04-26T02:43:00+00:00","351.5"
"2019-04-26T02:44:00+00:00","0"
"2019-04-26T02:45:00+00:00","0"
"2019-04-26T02:46:00+00:00","0"
"2019-04-26T02:47:00+00:00","0"
"2019-04-26T02:48:00+00:00","0"
"2019-04-26T02:49:00+00:00","0"
"2019-04-26T02:50:00+00:00","0"
"2019-04-26T02:51:00+00:00","0"
"2019-04-26T02:52:00+00:00","0"
"2019-04-26T02:53:00+00:00","164.699996948"
"2019-04-26T02:54:00+00:00","147.600006104"
"2019-04-26T02:55:00+00:00","136.699996948"
"2019-04-26T02:56:00+00:00","121.300003052"
"2019-04-26T02:57:00+00:00","75"
"2019-04-26T02:58:00+00:00","0"
"2019-04-26T02:59:00+00:00","69.5999984741"
"2019-04-26T03:00:00+00:00","92.0999984741"
"2019-04-26T03:01:00+00:00","122.599998474"
"2019-04-26T03:02:00+00:00","111.900001526"
"2019-04-26T03:03:00+00:00","120.900001526"
"2019-04-26T03:04:00+00:00","116.599998474"
"2019-04-26T03:05:00+00:00","113"
"2019-04-26T03:06:00+00:00","84.3000030518"
"2019-04-26T03:07:00+00:00","0"
"2019-04-26T03:08:00+00:00","0"
"2019-04-26T03:09:00+00:00","0"
"2019-04-26T03:10:00+00:00","0"
"2019-04-26T03:11:00+00:00","0"
"2019-04-26T03:12:00+00:00","0"
"2019-04-26T03:13:00+00:00","0"
"2019-04-26T03:14:00+00:00","288"
"2019-04-26T03:15:00+00:00","260.100006104"
"2019-04-26T03:16:00+00:00","0"
"2019-04-26T03:17:00+00:00","243.699996948"
"2019-04-26T03:18:00+00:00","214.199996948"
"2019-04-26T03:19:00+00:00","198.199996948"
"2019-04-26T03:20:00+00:00","206.899993896"
"2019-04-26T03:21:00+00:00","192.300003052"
"2019-04-26T03:22:00+00:00","178.800003052"
"2019-04-26T03:23:00+00:00","173.600006104"
"2019-04-26T03:24:00+00:00","165.5"
"2019-04-26T03:25:00+00:00","169.300003052"
"2019-04-26T03:26:00+00:00","141.199996948"
"2019-04-26T03:27:00+00:00","146.5"
"2019-04-26T03:28:00+00:00","144"
"2019-04-26T03:29:00+00:00","136"
"2019-04-26T03:30:00+00:00","134.899993896"
"2019-04-26T03:31:00+00:00","115"
"2019-04-26T03:32:00+00:00","131.100006104"
"2019-04-26T03:33:00+00:00","123.800003052"
"2019-04-26T03:34:00+00:00","139.899993896"
"2019-04-26T03:35:00+00:00","127.199996948"
"2019-04-26T03:36:00+00:00","155.300003052"
"2019-04-26T03:37:00+00:00","160.5"
"2019-04-26T03:38:00+00:00","167"
"2019-04-26T03:39:00+00:00","184.199996948"
"2019-04-26T03:40:00+00:00","170.899993896"
"2019-04-26T03:41:00+00:00","172.399993896"
"2019-04-26T03:42:00+00:00","169.699996948"
"2019-04-26T03:43:00+00:00","158"
"2019-04-26T03:44:00+00:00","156.699996948"
"2019-04-26T03:45:00+00:00","133.600006104"
"2019-04-26T03:46:00+00:00","141.300003052"
"2019-04-26T03:47:00+00:00","137.399993896"
"2019-04-26T03:48:00+00:00","162.899993896"
"2019-04-26T03:49:00+00:00","137.100006104"
"2019-04-26T03:50:00+00:00","133.699996948"
"2019-04-26T03:51:00+00:00","144.699996948"
"2019-04-26T03:52:00+00:00","140"
"2019-04-26T03:53:00+00:00","137.899993896"
"2019-04-26T03:54:00+00:00","153.5"
"2019-04-26T03:55:00+00:00","158.199996948"
"2019-04-26T03:56:00+00:00","149.100006104"
"2019-04-26T03:57:00+00:00","148.199996948"
"2019-04-26T03:58:00+00:00","174.100006104"
"2019-04-26T03:59:00+00:00","141"
"2019-04-26T04:00:00+00:00","147.399993896"
"2019-04-26T04:01:00+00:00","116.400001526"
"2019-04-26T04:02:00+00:00","130.899993896"
"2019-04-26T04:03:00+00:00","151.399993896"
"2019-04-26T04:04:00+00:00","169.699996948"
"2019-04-26T04:05:00+00:00","159.100006104"
"2019-04-26T04:06:00+00:00","228"
"2019-04-26T04:07:00+00:00","188.100006104"
"2019-04-26T04:08:00+00:00","205.899993896"
"2019-04-26T04:09:00+00:00","167.199996948"
"2019-04-26T04:10:00+00:00","213.899993896"
"2019-04-26T04:11:00+00:00","165.399993896"
"2019-04-26T04:12:00+00:00","135.100006104"
"2019-04-26T04:13:00+00:00","0"
"2019-04-26T04:14:00+00:00","0"
"2019-04-26T04:15:00+00:00","174.399993896"
"2019-04-26T04:16:00+00:00","206.800003052"
"2019-04-26T04:17:00+00:00","0"
"2019-04-26T04:18:00+00:00","192.199996948"
"2019-04-26T04:19:00+00:00","153.300003052"
"2019-04-26T04:20:00+00:00","179.300003052"
"2019-04-26T04:21:00+00:00","142.899993896"
"2019-04-26T04:22:00+00:00","126.400001526"
"2019-04-26T04:23:00+00:00","134.899993896"
"2019-04-26T04:24:00+00:00","140"
"2019-04-26T04:25:00+00:00","199.600006104"
"2019-04-26T04:26:00+00:00","224.199996948"
"2019-04-26T04:27:00+00:00","172.600006104"
"2019-04-26T04:28:00+00:00","195.100006104"
"2019-04-26T04:29:00+00:00","186.800003052"
"2019-04-26T04:30:00+00:00","213"
"2019-04-26T04:31:00+00:00","179.699996948"
"2019-04-26T04:32:00+00:00","146.399993896"
"2019-04-26T04:33:00+00:00","144.899993896"
"2019-04-26T04:34:00+00:00","145.100006104"
"2019-04-26T04:35:00+00:00","125.099998474"
"2019-04-26T04:36:00+00:00","0"
"2019-04-26T04:37:00+00:00","209.699996948"
"2019-04-26T04:38:00+00:00","183.399993896"
"2019-04-26T04:39:00+00:00","196.5"
"2019-04-26T04:40:00+00:00","177.300003052"
"2019-04-26T04:41:00+00:00","183.5"
"2019-04-26T04:42:00+00:00","200.399993896"
"2019-04-26T04:43:00+00:00","176.399993896"
"2019-04-26T04:44:00+00:00","170.600006104"
"2019-04-26T04:45:00+00:00","177.800003052"
"2019-04-26T04:46:00+00:00","155.600006104"
"2019-04-26T04:47:00+00:00","176.600006104"
"2019-04-26T04:48:00+00:00","196.100006104"
"2019-04-26T04:49:00+00:00","184.5"
"2019-04-26T04:50:00+00:00","188.100006104"
"2019-04-26T04:51:00+00:00","182.399993896"
"2019-04-26T04:52:00+00:00","199.199996948"
"2019-04-26T04:53:00+00:00","223.300003052"
"2019-04-26T04:54:00+00:00","162.5"
"2019-04-26T04:55:00+00:00","44.2999992371"
"2019-04-26T04:56:00+00:00","0"
"2019-04-26T04:57:00+00:00","275.200012207"
"2019-04-26T04:58:00+00:00","0"
"2019-04-26T04:59:00+00:00","0"
"2019-04-26T05:00:00+00:00","242.800003052"
"2019-04-26T05:01:00+00:00","53.2999992371"
"2019-04-26T05:02:00+00:00","333.399993896"
"2019-04-26T05:03:00+00:00","246.5"
"2019-04-26T05:04:00+00:00","54.9000015259"
"2019-04-26T05:05:00+00:00","181.300003052"
"2019-04-26T05:06:00+00:00","5.59999990463"
"2019-04-26T05:07:00+00:00","321.700012207"
"2019-04-26T05:08:00+00:00","0"
"2019-04-26T05:09:00+00:00","173.300003052"
"2019-04-26T05:10:00+00:00","296.600006104"
"2019-04-26T05:11:00+00:00","108.099998474"
"2019-04-26T05:12:00+00:00","346.5"
"2019-04-26T05:13:00+00:00","164.899993896"
"2019-04-26T05:14:00+00:00","0"
"2019-04-26T05:15:00+00:00","120.400001526"
"2019-04-26T05:16:00+00:00","0"
"2019-04-26T05:17:00+00:00","0"
"2019-04-26T05:18:00+00:00","0"
"2019-04-26T05:19:00+00:00","188.899993896"
"2019-04-26T05:20:00+00:00","187.5"
"2019-04-26T05:21:00+00:00","0"
"2019-04-26T05:22:00+00:00","0"
"2019-04-26T05:23:00+00:00","314.799987793"
"2019-04-26T05:24:00+00:00","154"
"2019-04-26T05:25:00+00:00","185.600006104"
"2019-04-26T05:26:00+00:00","180.899993896"
"2019-04-26T05:27:00+00:00","189.699996948"
"2019-04-26T05:28:00+00:00","207"
"2019-04-26T05:29:00+00:00","0"
"2019-04-26T05:30:00+00:00","179.699996948"
"2019-04-26T05:31:00+00:00","0"
"2019-04-26T05:32:00+00:00","0"
"2019-04-26T05:33:00+00:00","0"
"2019-04-26T05:34:00+00:00","0"
"2019-04-26T05:35:00+00:00","211"
"2019-04-26T05:36:00+00:00","0"
"2019-04-26T05:37:00+00:00","0"
"2019-04-26T05:38:00+00:00","0"
"2019-04-26T05:39:00+00:00","330.700012207"
"2019-04-26T05:40:00+00:00","271.299987793"
"2019-04-26T05:41:00+00:00","275"
"2019-04-26T05:42:00+00:00","261.299987793"
"2019-04-26T05:43:00+00:00","199.5"
"2019-04-26T05:44:00+00:00","193.800003052"
"2019-04-26T05:45:00+00:00","188.600006104"
"2019-04-26T05:46:00+00:00","194.600006104"
"2019-04-26T05:47:00+00:00","175.800003052"
"2019-04-26T05:48:00+00:00","170.399993896"
"2019-04-26T05:49:00+00:00","194.899993896"
"2019-04-26T05:50:00+00:00","170"
"2019-04-26T05:51:00+00:00","199.199996948"
"2019-04-26T05:52:00+00:00","207.699996948"
"2019-04-26T05:53:00+00:00","225.300003052"
"2019-04-26T05:54:00+00:00","152.899993896"
"2019-04-26T05:55:00+00:00","84"
"2019-04-26T05:56:00+00:00","288.600006104"
"2019-04-26T05:57:00+00:00","250.5"
"2019-04-26T05:58:00+00:00","307.299987793"
"2019-04-26T05:59:00+00:00","326.299987793"
"2019-04-26T06:00:00+00:00","172.800003052"
"2019-04-26T06:01:00+00:00","0"
"2019-04-26T06:02:00+00:00","0"
"2019-04-26T06:03:00+00:00","231.300003052"
"2019-04-26T06:04:00+00:00","183.699996948"
"2019-04-26T06:05:00+00:00","154"
"2019-04-26T06:06:00+00:00","184.100006104"
"2019-04-26T06:07:00+00:00","216.199996948"
"2019-04-26T06:08:00+00:00","159.899993896"
"2019-04-26T06:09:00+00:00","263.700012207"
"2019-04-26T06:10:00+00:00","0"
"2019-04-26T06:11:00+00:00","277.399993896"
"2019-04-26T06:12:00+00:00","0"
"2019-04-26T06:13:00+00:00","0"
"2019-04-26T06:14:00+00:00","0"
"2019-04-26T06:15:00+00:00","232.100006104"
"2019-04-26T06:16:00+00:00","201.5"
"2019-04-26T06:17:00+00:00","0"
"2019-04-26T06:18:00+00:00","184.800003052"
"2019-04-26T06:19:00+00:00","328.399993896"
"2019-04-26T06:20:00+00:00","302.100006104"
"2019-04-26T06:21:00+00:00","307.799987793"
"2019-04-26T06:22:00+00:00","0"
"2019-04-26T06:23:00+00:00","291.100006104"
"2019-04-26T06:24:00+00:00","334.700012207"
"2019-04-26T06:25:00+00:00","0"
"2019-04-26T06:26:00+00:00","270.399993896"
"2019-04-26T06:27:00+00:00","356.399993896"
"2019-04-26T06:28:00+00:00","198.399993896"
"2019-04-26T06:29:00+00:00","191.100006104"
"2019-04-26T06:30:00+00:00","267.799987793"
"2019-04-26T06:31:00+00:00","0"
"2019-04-26T06:32:00+00:00","239.800003052"
"2019-04-26T06:33:00+00:00","282.700012207"
"2019-04-26T06:34:00+00:00","0"
"2019-04-26T06:35:00+00:00","0"
"2019-04-26T06:36:00+00:00","315.200012207"
"2019-04-26T06:37:00+00:00","267.100006104"
"2019-04-26T06:38:00+00:00","0"
"2019-04-26T06:39:00+00:00","317"
"2019-04-26T06:40:00+00:00","0"
"2019-04-26T06:41:00+00:00","333.200012207"
"2019-04-26T06:42:00+00:00","335.600006104"
"2019-04-26T06:43:00+00:00","354.5"
"2019-04-26T06:44:00+00:00","326.5"
"2019-04-26T06:45:00+00:00","327.600006104"
"2019-04-26T06:46:00+00:00","332.700012207"
"2019-04-26T06:47:00+00:00","335.299987793"
"2019-04-26T06:48:00+00:00","351.399993896"
"2019-04-26T06:49:00+00:00","288.399993896"
"2019-04-26T06:50:00+00:00","290.100006104"
"2019-04-26T06:51:00+00:00","261.100006104"
"2019-04-26T06:52:00+00:00","279"
"2019-04-26T06:53:00+00:00","293.5"
"2019-04-26T06:54:00+00:00","250.300003052"
"2019-04-26T06:55:00+00:00","280.700012207"
"2019-04-26T06:56:00+00:00","331.100006104"
"2019-04-26T06:57:00+00:00","48.5"
"2019-04-26T06:58:00+00:00","0"
"2019-04-26T06:59:00+00:00","127.199996948"
"2019-04-26T07:00:00+00:00","121.5"
"2019-04-26T07:01:00+00:00","301.600006104"
"2019-04-26T07:02:00+00:00","339.799987793"
"2019-04-26T07:03:00+00:00","323.299987793"
"2019-04-26T07:04:00+00:00","359.5"
"2019-04-26T07:05:00+00:00","333.299987793"
"2019-04-26T07:06:00+00:00","318.5"
"2019-04-26T07:07:00+00:00","350.799987793"
"2019-04-26T07:08:00+00:00","342.200012207"
"2019-04-26T07:09:00+00:00","30.5"
"2019-04-26T07:10:00+00:00","18.6000003815"
"2019-04-26T07:11:00+00:00","86.4000015259"
"2019-04-26T07:12:00+00:00","0"
"2019-04-26T07:13:00+00:00","0"
"2019-04-26T07:14:00+00:00","0"
"2019-04-26T07:15:00+00:00","336.299987793"
"2019-04-26T07:16:00+00:00","304.899993896"
"2019-04-26T07:17:00+00:00","342.700012207"
"2019-04-26T07:18:00+00:00","350.899993896"
"2019-04-26T07:19:00+00:00","354"
"2019-04-26T07:20:00+00:00","316"
"2019-04-26T07:21:00+00:00","313.899993896"
"2019-04-26T07:22:00+00:00","356.100006104"
"2019-04-26T07:23:00+00:00","336.899993896"
"2019-04-26T07:24:00+00:00","327.700012207"
"2019-04-26T07:25:00+00:00","287.299987793"
"2019-04-26T07:26:00+00:00","312.100006104"
"2019-04-26T07:27:00+00:00","313.299987793"
"2019-04-26T07:28:00+00:00","301.100006104"
"2019-04-26T07:29:00+00:00","342.600006104"
"2019-04-26T07:30:00+00:00","355.799987793"
"2019-04-26T07:31:00+00:00","332.799987793"
"2019-04-26T07:32:00+00:00","3.40000009537"
"2019-04-26T07:33:00+00:00","19.5"
"2019-04-26T07:34:00+00:00","341.5"
"2019-04-26T07:35:00+00:00","325.100006104"
"2019-04-26T07:36:00+00:00","331.600006104"
"2019-04-26T07:37:00+00:00","330.100006104"
"2019-04-26T07:38:00+00:00","0"
"2019-04-26T07:39:00+00:00","184.699996948"
"2019-04-26T07:40:00+00:00","0"
"2019-04-26T07:41:00+00:00","240.100006104"
"2019-04-26T07:42:00+00:00","257"
"2019-04-26T07:43:00+00:00","218.899993896"
"2019-04-26T07:44:00+00:00","0"
"2019-04-26T07:45:00+00:00","1.39999997616"
"2019-04-26T07:46:00+00:00","359.200012207"
"2019-04-26T07:47:00+00:00","334.799987793"
"2019-04-26T07:48:00+00:00","0.600000023842"
"2019-04-26T07:49:00+00:00","353.799987793"
"2019-04-26T07:50:00+00:00","1.5"
"2019-04-26T07:51:00+00:00","356.799987793"
"2019-04-26T07:52:00+00:00","342.799987793"
"2019-04-26T07:53:00+00:00","344"
"2019-04-26T07:54:00+00:00","306.299987793"
"2019-04-26T07:55:00+00:00","0"
"2019-04-26T07:56:00+00:00","0"
"2019-04-26T07:57:00+00:00","327.700012207"
"2019-04-26T07:58:00+00:00","357.200012207"
"2019-04-26T07:59:00+00:00","348.100006104"
"2019-04-26T08:00:00+00:00","5"
"2019-04-26T08:01:00+00:00","341.399993896"
"2019-04-26T08:02:00+00:00","339.399993896"
"2019-04-26T08:03:00+00:00","322.200012207"
"2019-04-26T08:04:00+00:00","339.399993896"
"2019-04-26T08:05:00+00:00","341.600006104"
"2019-04-26T08:06:00+00:00","335.100006104"
"2019-04-26T08:07:00+00:00","357.100006104"
"2019-04-26T08:08:00+00:00","298.200012207"
"2019-04-26T08:09:00+00:00","23.7000007629"
"2019-04-26T08:10:00+00:00","0"
"2019-04-26T08:11:00+00:00","0"
"2019-04-26T08:12:00+00:00","263.299987793"
"2019-04-26T08:13:00+00:00","284.600006104"
"2019-04-26T08:14:00+00:00","333.799987793"
"2019-04-26T08:15:00+00:00","267.5"
"2019-04-26T08:16:00+00:00","282.399993896"
"2019-04-26T08:17:00+00:00","338.600006104"
"2019-04-26T08:18:00+00:00","334.799987793"
"2019-04-26T08:19:00+00:00","0"
"2019-04-26T08:20:00+00:00","224.399993896"
"2019-04-26T08:21:00+00:00","0"
"2019-04-26T08:22:00+00:00","264.700012207"
"2019-04-26T08:23:00+00:00","13.6999998093"
"2019-04-26T08:24:00+00:00","331.600006104"
"2019-04-26T08:25:00+00:00","330.799987793"
"2019-04-26T08:26:00+00:00","341.5"
"2019-04-26T08:27:00+00:00","9.39999961853"
"2019-04-26T08:28:00+00:00","6.59999990463"
"2019-04-26T08:29:00+00:00","349.200012207"
"2019-04-26T08:30:00+00:00","3.09999990463"
"2019-04-26T08:31:00+00:00","345.3"
"2019-04-26T08:32:00+00:00","335.799987793"
"2019-04-26T08:33:00+00:00","11.5"
"2019-04-26T08:34:00+00:00","333.600006104"
"2019-04-26T08:35:00+00:00","4.90000009537"
"2019-04-26T08:36:00+00:00","339.399993896"
"2019-04-26T08:37:00+00:00","314.299987793"
"2019-04-26T08:38:00+00:00","326.600006104"
"2019-04-26T08:39:00+00:00","348.399993896"
"2019-04-26T08:40:00+00:00","331.700012207"
"2019-04-26T08:41:00+00:00","335.100006104"
"2019-04-26T08:42:00+00:00","335.5"
"2019-04-26T08:43:00+00:00","0"
"2019-04-26T08:44:00+00:00","228.5"
"2019-04-26T08:45:00+00:00","258.299987793"
"2019-04-26T08:46:00+00:00","249.600006104"
"2019-04-26T08:47:00+00:00","310.399993896"
"2019-04-26T08:48:00+00:00","0"
"2019-04-26T08:49:00+00:00","249.699996948"
"2019-04-26T08:50:00+00:00","208.6"
"2019-04-26T08:51:00+00:00","243.800003052"
"2019-04-26T08:52:00+00:00","209.199996948"
"2019-04-26T08:53:00+00:00","152"
"2019-04-26T08:54:00+00:00","195.399993896"
"2019-04-26T08:55:00+00:00","0"
"2019-04-26T08:56:00+00:00","299.899993896"
"2019-04-26T08:57:00+00:00","252.600006104"
"2019-04-26T08:58:00+00:00","173.199996948"
"2019-04-26T08:59:00+00:00","0"
"2019-04-26T09:00:00+00:00","0"
"2019-04-26T09:01:00+00:00","285"
"2019-04-26T09:02:00+00:00","286.700012207"
"2019-04-26T09:03:00+00:00","0"
"2019-04-26T09:04:00+00:00","256"
"2019-04-26T09:05:00+00:00","0"
"2019-04-26T09:06:00+00:00","283.100006104"
"2019-04-26T09:07:00+00:00","233.800003052"
"2019-04-26T09:08:00+00:00","254.600006104"
"2019-04-26T09:09:00+00:00","220.800003052"
"2019-04-26T09:10:00+00:00","0"
"2019-04-26T09:11:00+00:00","181.100006104"
"2019-04-26T09:12:00+00:00","294.299987793"
"2019-04-26T09:13:00+00:00","308.100006104"
"2019-04-26T09:14:00+00:00","196.800003052"
"2019-04-26T09:15:00+00:00","256.200012207"
"2019-04-26T09:16:00+00:00","271.200012207"
"2019-04-26T09:17:00+00:00","240.399993896"
"2019-04-26T09:18:00+00:00","348.200012207"
"2019-04-26T09:19:00+00:00","0"
"2019-04-26T09:20:00+00:00","0"
"2019-04-26T09:21:00+00:00","0"
"2019-04-26T09:22:00+00:00","0"
"2019-04-26T09:23:00+00:00","0"
"2019-04-26T09:24:00+00:00","0"
"2019-04-26T09:25:00+00:00","270.299987793"
"2019-04-26T09:26:00+00:00","0"
"2019-04-26T09:27:00+00:00","229.199996948"
"2019-04-26T09:28:00+00:00","172.800003052"
"2019-04-26T09:29:00+00:00","153.399993896"
"2019-04-26T09:30:00+00:00","340.700012207"
"2019-04-26T09:31:00+00:00","337.100006104"
"2019-04-26T09:32:00+00:00","327"
"2019-04-26T09:33:00+00:00","286"
"2019-04-26T09:34:00+00:00","236.300003052"
"2019-04-26T09:35:00+00:00","345.200012207"
"2019-04-26T09:36:00+00:00","333"
"2019-04-26T09:37:00+00:00","343.799987793"
"2019-04-26T09:38:00+00:00","344.299987793"
"2019-04-26T09:39:00+00:00","326.399993896"
"2019-04-26T09:40:00+00:00","336.5"
"2019-04-26T09:41:00+00:00","316.7"
"2019-04-26T09:42:00+00:00","330.200012207"
"2019-04-26T09:43:00+00:00","285.899993896"
"2019-04-26T09:44:00+00:00","0"
"2019-04-26T09:45:00+00:00","265.5"
"2019-04-26T09:46:00+00:00","272.5"
"2019-04-26T09:47:00+00:00","324.5"
"2019-04-26T09:48:00+00:00","0.5"
"2019-04-26T09:49:00+00:00","348.399993896"
"2019-04-26T09:50:00+00:00","335.600006104"
"2019-04-26T09:51:00+00:00","338.7"
"2019-04-26T09:52:00+00:00","314"
"2019-04-26T09:53:00+00:00","243.699996948"
"2019-04-26T09:54:00+00:00","330.5"
"2019-04-26T09:55:00+00:00","328.100006104"
"2019-04-26T09:56:00+00:00","0"
"2019-04-26T09:57:00+00:00","337"
"2019-04-26T09:58:00+00:00","322.899993896"
"2019-04-26T09:59:00+00:00","277.5"
"2019-04-26T10:00:00+00:00","328.2"
"2019-04-26T10:01:00+00:00","327.299987793"
"2019-04-26T10:02:00+00:00","334.399993896"
"2019-04-26T10:03:00+00:00","335.5"
"2019-04-26T10:04:00+00:00","314.5"
"2019-04-26T10:05:00+00:00","324.700012207"
"2019-04-26T10:06:00+00:00","185.100006104"
"2019-04-26T10:07:00+00:00","0"
"2019-04-26T10:08:00+00:00","235.100006104"
"2019-04-26T10:09:00+00:00","0"
"2019-04-26T10:10:00+00:00","201.800003052"
"2019-04-26T10:11:00+00:00","0"
"2019-04-26T10:12:00+00:00","338"
"2019-04-26T10:13:00+00:00","7.80000019073"
"2019-04-26T10:14:00+00:00","0"
"2019-04-26T10:15:00+00:00","88.6999969482"
"2019-04-26T10:16:00+00:00","0"
"2019-04-26T10:17:00+00:00","334.600006104"
"2019-04-26T10:18:00+00:00","191"
"2019-04-26T10:19:00+00:00","174.800003052"
"2019-04-26T10:20:00+00:00","0"
"2019-04-26T10:21:00+00:00","0"
"2019-04-26T10:22:00+00:00","193.100006104"
"2019-04-26T10:23:00+00:00","350.299987793"
"2019-04-26T10:24:00+00:00","291.899993896"
"2019-04-26T10:25:00+00:00","0"
"2019-04-26T10:26:00+00:00","342.799987793"
"2019-04-26T10:27:00+00:00","71.3000030518"
"2019-04-26T10:28:00+00:00","0"
"2019-04-26T10:29:00+00:00","254"
"2019-04-26T10:30:00+00:00","194.399993896"
"2019-04-26T10:31:00+00:00","255.5"
"2019-04-26T10:32:00+00:00","329.799987793"
"2019-04-26T10:33:00+00:00","0"
"2019-04-26T10:34:00+00:00","247.100006104"
"2019-04-26T10:35:00+00:00","0"
"2019-04-26T10:36:00+00:00","0"
"2019-04-26T10:37:00+00:00","61.9000015259"
"2019-04-26T10:38:00+00:00","194.899993896"
"2019-04-26T10:39:00+00:00","237.600006104"
"2019-04-26T10:40:00+00:00","104.400001526"
"2019-04-26T10:41:00+00:00","0"
"2019-04-26T10:42:00+00:00","298.799987793"
"2019-04-26T10:43:00+00:00","0"
"2019-04-26T10:44:00+00:00","245.2"
"2019-04-26T10:45:00+00:00","265.100006104"
"2019-04-26T10:46:00+00:00","0"
"2019-04-26T10:47:00+00:00","266.200012207"
"2019-04-26T10:48:00+00:00","274.600006104"
"2019-04-26T10:49:00+00:00","0"
"2019-04-26T10:50:00+00:00","0"
"2019-04-26T10:51:00+00:00","0"
"2019-04-26T10:52:00+00:00","290.899993896"
"2019-04-26T10:53:00+00:00","241.800003052"
"2019-04-26T10:54:00+00:00","304.8"
"2019-04-26T10:55:00+00:00","0"
"2019-04-26T10:56:00+00:00","0"
"2019-04-26T10:57:00+00:00","273.100006104"
"2019-04-26T10:58:00+00:00","0"
"2019-04-26T10:59:00+00:00","0"
"2019-04-26T11:00:00+00:00","0"
"2019-04-26T11:01:00+00:00","229.300003052"
"2019-04-26T11:02:00+00:00","264.799987793"
"2019-04-26T11:03:00+00:00","235"
"2019-04-26T11:04:00+00:00","242.7"
"2019-04-26T11:05:00+00:00","0"
"2019-04-26T11:06:00+00:00","136.899993896"
"2019-04-26T11:07:00+00:00","143.399993896"
"2019-04-26T11:08:00+00:00","177.199996948"
"2019-04-26T11:09:00+00:00","143.600006104"
"2019-04-26T11:10:00+00:00","222.699996948"
"2019-04-26T11:11:00+00:00","173.600006104"
"2019-04-26T11:12:00+00:00","160.800003052"
"2019-04-26T11:13:00+00:00","74"
"2019-04-26T11:14:00+00:00","32.2000007629"
"2019-04-26T11:15:00+00:00","122.300003052"
"2019-04-26T11:16:00+00:00","122.900001526"
"2019-04-26T11:17:00+00:00","213.600006104"
"2019-04-26T11:18:00+00:00","152.899993896"
"2019-04-26T11:19:00+00:00","104.5"
"2019-04-26T11:20:00+00:00","0"
"2019-04-26T11:21:00+00:00","141.100006104"
"2019-04-26T11:22:00+00:00","126.699996948"
"2019-04-26T11:23:00+00:00","329.600006104"
"2019-04-26T11:24:00+00:00","0"
"2019-04-26T11:25:00+00:00","0"
"2019-04-26T11:26:00+00:00","300.299987793"
"2019-04-26T11:27:00+00:00","122.300003052"
"2019-04-26T11:28:00+00:00","173.399993896"
"2019-04-26T11:29:00+00:00","192.5"
"2019-04-26T11:30:00+00:00","183.800003052"
"2019-04-26T11:31:00+00:00","181.199996948"
"2019-04-26T11:32:00+00:00","158.5"
"2019-04-26T11:33:00+00:00","168.100006104"
"2019-04-26T11:34:00+00:00","157.699996948"
"2019-04-26T11:35:00+00:00","166.600006104"
"2019-04-26T11:36:00+00:00","172.199996948"
"2019-04-26T11:37:00+00:00","159.100006104"
"2019-04-26T11:38:00+00:00","157.5"
"2019-04-26T11:39:00+00:00","148.600006104"
"2019-04-26T11:40:00+00:00","197.5"
"2019-04-26T11:41:00+00:00","251.899993896"
"2019-04-26T11:42:00+00:00","216.899993896"
"2019-04-26T11:43:00+00:00","91.4"
"2019-04-26T11:44:00+00:00","225.600006104"
"2019-04-26T11:45:00+00:00","61.2999992371"
"2019-04-26T11:46:00+00:00","0"
"2019-04-26T11:47:00+00:00","305.799987793"
"2019-04-26T11:48:00+00:00","0"
"2019-04-26T11:49:00+00:00","39"
"2019-04-26T11:50:00+00:00","0"
"2019-04-26T11:51:00+00:00","0"
"2019-04-26T11:52:00+00:00","0"
"2019-04-26T11:53:00+00:00","100.099998474"
"2019-04-26T11:54:00+00:00","77.3000030518"
"2019-04-26T11:55:00+00:00","341.100006104"
"2019-04-26T11:56:00+00:00","1.89999997616"
"2019-04-26T11:57:00+00:00","0"
"2019-04-26T11:58:00+00:00","0"
"2019-04-26T11:59:00+00:00","129.699996948"
"2019-04-26T12:00:00+00:00","19.3999996185"
"2019-04-26T12:01:00+00:00","309.5"
"2019-04-26T12:02:00+00:00","266.799987793"
"2019-04-26T12:03:00+00:00","110.099998474"
"2019-04-26T12:04:00+00:00","10.6999998093"
"2019-04-26T12:05:00+00:00","25.6000003815"
"2019-04-26T12:06:00+00:00","282.899993896"
"2019-04-26T12:07:00+00:00","197.100006104"
"2019-04-26T12:08:00+00:00","303.399993896"
"2019-04-26T12:09:00+00:00","274.899993896"
"2019-04-26T12:10:00+00:00","283.799987793"
"2019-04-26T12:11:00+00:00","27.6"
"2019-04-26T12:12:00+00:00","259.700012207"
"2019-04-26T12:13:00+00:00","53.7999992371"
"2019-04-26T12:14:00+00:00","66.5"
"2019-04-26T12:15:00+00:00","339.100006104"
"2019-04-26T12:16:00+00:00","0"
"2019-04-26T12:17:00+00:00","118.400001526"
"2019-04-26T12:18:00+00:00","31.7999992371"
"2019-04-26T12:19:00+00:00","0"
"2019-04-26T12:20:00+00:00","16.4"
"2019-04-26T12:21:00+00:00","359.899993896"
"2019-04-26T12:22:00+00:00","0"
"2019-04-26T12:23:00+00:00","303.899993896"
"2019-04-26T12:24:00+00:00","0"
"2019-04-26T12:25:00+00:00","0"
"2019-04-26T12:26:00+00:00","0"
"2019-04-26T12:27:00+00:00","0"
"2019-04-26T12:28:00+00:00","236.100006104"
"2019-04-26T12:29:00+00:00","251.600006104"
"2019-04-26T12:30:00+00:00","101.699996948"
"2019-04-26T12:31:00+00:00","74"
"2019-04-26T12:32:00+00:00","0"
"2019-04-26T12:33:00+00:00","0"
"2019-04-26T12:34:00+00:00","275.700012207"
"2019-04-26T12:35:00+00:00","15.6000003815"
"2019-04-26T12:36:00+00:00","0"
"2019-04-26T12:37:00+00:00","268.299987793"
"2019-04-26T12:38:00+00:00","219.699996948"
"2019-04-26T12:39:00+00:00","87.4000015259"
"2019-04-26T12:40:00+00:00","0"
"2019-04-26T12:41:00+00:00","282.6"
"2019-04-26T12:42:00+00:00","308.799987793"
"2019-04-26T12:43:00+00:00","96.5999984741"
"2019-04-26T12:44:00+00:00","308.5"
"2019-04-26T12:45:00+00:00","107.599998474"
"2019-04-26T12:46:00+00:00","250.899993896"
"2019-04-26T12:47:00+00:00","357.700012207"
"2019-04-26T12:48:00+00:00","248.199996948"
"2019-04-26T12:49:00+00:00","0"
"2019-04-26T12:50:00+00:00","314"
"2019-04-26T12:51:00+00:00","150.800003052"
"2019-04-26T12:52:00+00:00","51.1"
"2019-04-26T12:53:00+00:00","0"
"2019-04-26T12:54:00+00:00","198"
"2019-04-26T12:55:00+00:00","136.899993896"
"2019-04-26T12:56:00+00:00","122.900001526"
"2019-04-26T12:57:00+00:00","192.100006104"
"2019-04-26T12:58:00+00:00","171.800003052"
"2019-04-26T12:59:00+00:00","208.100006104"
"2019-04-26T13:00:00+00:00","174"
"2019-04-26T13:01:00+00:00","204.800003052"
"2019-04-26T13:02:00+00:00","190.5"
"2019-04-26T13:03:00+00:00","163.600006104"
"2019-04-26T13:04:00+00:00","209.699996948"
"2019-04-26T13:05:00+00:00","188.300003052"
"2019-04-26T13:06:00+00:00","166"
"2019-04-26T13:07:00+00:00","158.199996948"
"2019-04-26T13:08:00+00:00","131.399993896"
"2019-04-26T13:09:00+00:00","153.899993896"
"2019-04-26T13:10:00+00:00","200.399993896"
"2019-04-26T13:11:00+00:00","148"
"2019-04-26T13:12:00+00:00","142.5"
"2019-04-26T13:13:00+00:00","162.5"
"2019-04-26T13:14:00+00:00","184.199996948"
"2019-04-26T13:15:00+00:00","202.399993896"
"2019-04-26T13:16:00+00:00","169.800003052"
"2019-04-26T13:17:00+00:00","267.5"
"2019-04-26T13:18:00+00:00","173.899993896"
"2019-04-26T13:19:00+00:00","0"
"2019-04-26T13:20:00+00:00","121.599998474"
"2019-04-26T13:21:00+00:00","159.5"
"2019-04-26T13:22:00+00:00","148.600006104"
"2019-04-26T13:23:00+00:00","0"
"2019-04-26T13:24:00+00:00","166.600006104"
"2019-04-26T13:25:00+00:00","273.5"
"2019-04-26T13:26:00+00:00","0"
"2019-04-26T13:27:00+00:00","0"
"2019-04-26T13:28:00+00:00","138.399993896"
"2019-04-26T13:29:00+00:00","111.599998474"
"2019-04-26T13:30:00+00:00","154.399993896"
"2019-04-26T13:31:00+00:00","183"
"2019-04-26T13:32:00+00:00","163.8"
"2019-04-26T13:33:00+00:00","151.699996948"
"2019-04-26T13:34:00+00:00","181.5"
"2019-04-26T13:35:00+00:00","148.600006104"
"2019-04-26T13:36:00+00:00","157.100006104"
"2019-04-26T13:37:00+00:00","185.5"
"2019-04-26T13:38:00+00:00","173.699996948"
"2019-04-26T13:39:00+00:00","173.600006104"
"2019-04-26T13:40:00+00:00","199.899993896"
"2019-04-26T13:41:00+00:00","169.3"
"2019-04-26T13:42:00+00:00","173.5"
"2019-04-26T13:43:00+00:00","161.100006104"
"2019-04-26T13:44:00+00:00","186.399993896"
"2019-04-26T13:45:00+00:00","203.800003052"
"2019-04-26T13:46:00+00:00","177.399993896"
"2019-04-26T13:47:00+00:00","177.300003052"
"2019-04-26T13:48:00+00:00","183.199996948"
"2019-04-26T13:49:00+00:00","173.800003052"
"2019-04-26T13:50:00+00:00","176.899993896"
"2019-04-26T13:51:00+00:00","165"
"2019-04-26T13:52:00+00:00","161.8"
"2019-04-26T13:53:00+00:00","187.300003052"
"2019-04-26T13:54:00+00:00","196.699996948"
"2019-04-26T13:55:00+00:00","205.399993896"
"2019-04-26T13:56:00+00:00","199.100006104"
"2019-04-26T13:57:00+00:00","162.5"
"2019-04-26T13:58:00+00:00","194.5"
"2019-04-26T13:59:00+00:00","180.800003052"
"2019-04-26T14:00:00+00:00","180.699996948"
"2019-04-26T14:01:00+00:00","191.3"
"2019-04-26T14:02:00+00:00","149.899993896"
"2019-04-26T14:03:00+00:00","221.399993896"
"2019-04-26T14:04:00+00:00","170.899993896"
"2019-04-26T14:05:00+00:00","135.100006104"
"2019-04-26T14:06:00+00:00","163.5"
"2019-04-26T14:07:00+00:00","137.600006104"
"2019-04-26T14:08:00+00:00","137.800003052"
"2019-04-26T14:09:00+00:00","142.300003052"
"2019-04-26T14:10:00+00:00","163.2"
"2019-04-26T14:11:00+00:00","138.399993896"
"2019-04-26T14:12:00+00:00","146"
"2019-04-26T14:13:00+00:00","173.899993896"
"2019-04-26T14:14:00+00:00","149.100006104"
"2019-04-26T14:15:00+00:00","150.100006104"
"2019-04-26T14:16:00+00:00","166.5"
"2019-04-26T14:17:00+00:00","159.5"
"2019-04-26T14:18:00+00:00","159"
"2019-04-26T14:19:00+00:00","168.899993896"
"2019-04-26T14:20:00+00:00","171.899993896"
"2019-04-26T14:21:00+00:00","162.399993896"
"2019-04-26T14:22:00+00:00","155.300003052"
"2019-04-26T14:23:00+00:00","146.399993896"
"2019-04-26T14:24:00+00:00","165.300003052"
"2019-04-26T14:25:00+00:00","165.800003052"
"2019-04-26T14:26:00+00:00","160.800003052"
"2019-04-26T14:27:00+00:00","170.5"
"2019-04-26T14:28:00+00:00","189.600006104"
"2019-04-26T14:29:00+00:00","162.600006104"
"2019-04-26T14:30:00+00:00","157.600006104"
"2019-04-26T14:31:00+00:00","190.9"
"2019-04-26T14:32:00+00:00","198.199996948"
"2019-04-26T14:33:00+00:00","173.600006104"
"2019-04-26T14:34:00+00:00","163.300003052"
"2019-04-26T14:35:00+00:00","208.399993896"
"2019-04-26T14:36:00+00:00","166.300003052"
"2019-04-26T14:37:00+00:00","161.800003052"
"2019-04-26T14:38:00+00:00","187.600006104"
"2019-04-26T14:39:00+00:00","145"
"2019-04-26T14:40:00+00:00","156.4"
"2019-04-26T14:41:00+00:00","181.800003052"
"2019-04-26T14:42:00+00:00","159.399993896"
"2019-04-26T14:43:00+00:00","153.300003052"
"2019-04-26T14:44:00+00:00","172.100006104"
"2019-04-26T14:45:00+00:00","187.100006104"
"2019-04-26T14:46:00+00:00","168.399993896"
"2019-04-26T14:47:00+00:00","187.600006104"
"2019-04-26T14:48:00+00:00","177.600006104"
"2019-04-26T14:49:00+00:00","189.600006104"
"2019-04-26T14:50:00+00:00","178.899993896"
"2019-04-26T14:51:00+00:00","177.9"
"2019-04-26T14:52:00+00:00","165.899993896"
"2019-04-26T14:53:00+00:00","185.399993896"
"2019-04-26T14:54:00+00:00","149.899993896"
"2019-04-26T14:55:00+00:00","158.199996948"
"2019-04-26T14:56:00+00:00","156.600006104"
"2019-04-26T14:57:00+00:00","177.399993896"
"2019-04-26T14:58:00+00:00","162.199996948"
"2019-04-26T14:59:00+00:00","155.5"
"2019-04-26T15:00:00+00:00","149.600006104"
"2019-04-26T15:01:00+00:00","161.8"
"2019-04-26T15:02:00+00:00","145.5"
"2019-04-26T15:03:00+00:00","146.699996948"
"2019-04-26T15:04:00+00:00","132.199996948"
"2019-04-26T15:05:00+00:00","145.399993896"
"2019-04-26T15:06:00+00:00","134.300003052"
"2019-04-26T15:07:00+00:00","152.899993896"
"2019-04-26T15:08:00+00:00","160.699996948"
"2019-04-26T15:09:00+00:00","189.199996948"
"2019-04-26T15:10:00+00:00","157.199996948"
"2019-04-26T15:11:00+00:00","170"
"2019-04-26T15:12:00+00:00","161.2"
"2019-04-26T15:13:00+00:00","175.5"
"2019-04-26T15:14:00+00:00","166.800003052"
"2019-04-26T15:15:00+00:00","170.5"
"2019-04-26T15:16:00+00:00","175.699996948"
"2019-04-26T15:17:00+00:00","189.199996948"
"2019-04-26T15:18:00+00:00","160.300003052"
"2019-04-26T15:19:00+00:00","166.5"
"2019-04-26T15:20:00+00:00","172"
"2019-04-26T15:21:00+00:00","174.8"
"2019-04-26T15:22:00+00:00","168"
"2019-04-26T15:23:00+00:00","194.399993896"
"2019-04-26T15:24:00+00:00","200.5"
"2019-04-26T15:25:00+00:00","180.899993896"
"2019-04-26T15:26:00+00:00","185.800003052"
"2019-04-26T15:27:00+00:00","165.5"
"2019-04-26T15:28:00+00:00","164"
"2019-04-26T15:29:00+00:00","180.5"
"2019-04-26T15:30:00+00:00","194.899993896"
"2019-04-26T15:31:00+00:00","184.699996948"
"2019-04-26T15:32:00+00:00","201.199996948"
"2019-04-26T15:33:00+00:00","168.5"
"2019-04-26T15:34:00+00:00","165.899993896"
"2019-04-26T15:35:00+00:00","183.899993896"
"2019-04-26T15:36:00+00:00","157.199996948"
"2019-04-26T15:37:00+00:00","150.699996948"
"2019-04-26T15:38:00+00:00","182.300003052"
"2019-04-26T15:39:00+00:00","182.800003052"
"2019-04-26T15:40:00+00:00","166.899993896"
"2019-04-26T15:41:00+00:00","164.6"
"2019-04-26T15:42:00+00:00","197.5"
"2019-04-26T15:43:00+00:00","203"
"2019-04-26T15:44:00+00:00","167.699996948"
"2019-04-26T15:45:00+00:00","189.899993896"
"2019-04-26T15:46:00+00:00","143.399993896"
"2019-04-26T15:47:00+00:00","146.800003052"
"2019-04-26T15:48:00+00:00","150.5"
"2019-04-26T15:49:00+00:00","164.5"
"2019-04-26T15:50:00+00:00","159.6"
"2019-04-26T15:51:00+00:00","225.199996948"
"2019-04-26T15:52:00+00:00","160.100006104"
"2019-04-26T15:53:00+00:00","157.300003052"
"2019-04-26T15:54:00+00:00","141.399993896"
"2019-04-26T15:55:00+00:00","175.100006104"
"2019-04-26T15:56:00+00:00","154.399993896"
"2019-04-26T15:57:00+00:00","150.5"
"2019-04-26T15:58:00+00:00","173.300003052"
"2019-04-26T15:59:00+00:00","191.5"
"2019-04-26T16:00:00+00:00","166.7"
"2019-04-26T16:01:00+00:00","163.399993896"
"2019-04-26T16:02:00+00:00","166.699996948"
"2019-04-26T16:03:00+00:00","163.699996948"
"2019-04-26T16:04:00+00:00","180.100006104"
"2019-04-26T16:05:00+00:00","163.800003052"
"2019-04-26T16:06:00+00:00","163.399993896"
"2019-04-26T16:07:00+00:00","163.800003052"
"2019-04-26T16:08:00+00:00","190.399993896"
"2019-04-26T16:09:00+00:00","164.600006104"
"2019-04-26T16:10:00+00:00","169.800003052"
"2019-04-26T16:11:00+00:00","170.2"
"2019-04-26T16:12:00+00:00","203.100006104"
"2019-04-26T16:13:00+00:00","180.199996948"
"2019-04-26T16:14:00+00:00","171.699996948"
"2019-04-26T16:15:00+00:00","169.699996948"
"2019-04-26T16:16:00+00:00","159.899993896"
"2019-04-26T16:17:00+00:00","177.699996948"
"2019-04-26T16:18:00+00:00","155.899993896"
"2019-04-26T16:19:00+00:00","154.600006104"
"2019-04-26T16:20:00+00:00","175.699996948"
"2019-04-26T16:21:00+00:00","180.800003052"
"2019-04-26T16:22:00+00:00","161"
"2019-04-26T16:23:00+00:00","192"
"2019-04-26T16:24:00+00:00","182.899993896"
"2019-04-26T16:25:00+00:00","162.100006104"
"2019-04-26T16:26:00+00:00","177.100006104"
"2019-04-26T16:27:00+00:00","163.300003052"
"2019-04-26T16:28:00+00:00","158.399993896"
"2019-04-26T16:29:00+00:00","174.699996948"
"2019-04-26T16:30:00+00:00","165.399993896"
"2019-04-26T16:31:00+00:00","166.9"
"2019-04-26T16:32:00+00:00","161.5"
"2019-04-26T16:33:00+00:00","164.100006104"
"2019-04-26T16:34:00+00:00","159"
"2019-04-26T16:35:00+00:00","175.699996948"
"2019-04-26T16:36:00+00:00","151.800003052"
"2019-04-26T16:37:00+00:00","153.199996948"
"2019-04-26T16:38:00+00:00","181.199996948"
"2019-04-26T16:39:00+00:00","147.199996948"
"2019-04-26T16:40:00+00:00","188.600006104"
"2019-04-26T16:41:00+00:00","133"
"2019-04-26T16:42:00+00:00","153.6"
"2019-04-26T16:43:00+00:00","191.300003052"
"2019-04-26T16:44:00+00:00","170.300003052"
"2019-04-26T16:45:00+00:00","154.100006104"
"2019-04-26T16:46:00+00:00","174.600006104"
"2019-04-26T16:47:00+00:00","176"
"2019-04-26T16:48:00+00:00","173.300003052"
"2019-04-26T16:49:00+00:00","170.699996948"
"2019-04-26T16:50:00+00:00","156.100006104"
"2019-04-26T16:51:00+00:00","140.300003052"
"2019-04-26T16:52:00+00:00","156.4"
"2019-04-26T16:53:00+00:00","165.600006104"
"2019-04-26T16:54:00+00:00","175.899993896"
"2019-04-26T16:55:00+00:00","168.199996948"
"2019-04-26T16:56:00+00:00","150.100006104"
"2019-04-26T16:57:00+00:00","154.600006104"
"2019-04-26T16:58:00+00:00","161.300003052"
"2019-04-26T16:59:00+00:00","159.699996948"
"2019-04-26T17:00:00+00:00","170.7"
"2019-04-26T17:01:00+00:00","153.100006104"
"2019-04-26T17:02:00+00:00","204.399993896"
"2019-04-26T17:03:00+00:00","207.800003052"
"2019-04-26T17:04:00+00:00","191.600006104"
"2019-04-26T17:05:00+00:00","0"
"2019-04-26T17:06:00+00:00","0"
"2019-04-26T17:07:00+00:00","0"
"2019-04-26T17:08:00+00:00","0"
"2019-04-26T17:09:00+00:00","189.199996948"
"2019-04-26T17:10:00+00:00","183"
"2019-04-26T17:11:00+00:00","162.5"
"2019-04-26T17:12:00+00:00","187.800003052"
"2019-04-26T17:13:00+00:00","0"
"2019-04-26T17:14:00+00:00","0"
"2019-04-26T17:15:00+00:00","182.199996948"
"2019-04-26T17:16:00+00:00","151.399993896"
"2019-04-26T17:17:00+00:00","173.100006104"
"2019-04-26T17:18:00+00:00","155.5"
"2019-04-26T17:19:00+00:00","176.100006104"
"2019-04-26T17:20:00+00:00","172.800003052"
"2019-04-26T17:21:00+00:00","162.3"
"2019-04-26T17:22:00+00:00","197.100006104"
"2019-04-26T17:23:00+00:00","168.399993896"
"2019-04-26T17:24:00+00:00","164"
"2019-04-26T17:25:00+00:00","151.899993896"
"2019-04-26T17:26:00+00:00","142.699996948"
"2019-04-26T17:27:00+00:00","139.399993896"
"2019-04-26T17:28:00+00:00","140.699996948"
"2019-04-26T17:29:00+00:00","138.699996948"
"2019-04-26T17:30:00+00:00","126.800003052"
"2019-04-26T17:31:00+00:00","141.9"
"2019-04-26T17:32:00+00:00","150.800003052"
"2019-04-26T17:33:00+00:00","132.300003052"
"2019-04-26T17:34:00+00:00","128.600006104"
"2019-04-26T17:35:00+00:00","119"
"2019-04-26T17:36:00+00:00","120.900001526"
"2019-04-26T17:37:00+00:00","134.100006104"
"2019-04-26T17:38:00+00:00","146.199996948"
"2019-04-26T17:39:00+00:00","145"
"2019-04-26T17:40:00+00:00","145.4"
"2019-04-26T17:41:00+00:00","142.800003052"
"2019-04-26T17:42:00+00:00","149.899993896"
"2019-04-26T17:43:00+00:00","137.899993896"
"2019-04-26T17:44:00+00:00","135.399993896"
"2019-04-26T17:45:00+00:00","132.199996948"
"2019-04-26T17:46:00+00:00","133.399993896"
"2019-04-26T17:47:00+00:00","137.5"
"2019-04-26T17:48:00+00:00","139.300003052"
"2019-04-26T17:49:00+00:00","140.199996948"
"2019-04-26T17:50:00+00:00","137"
"2019-04-26T17:51:00+00:00","136.899993896"
"2019-04-26T17:52:00+00:00","145.399993896"
"2019-04-26T17:53:00+00:00","140.699996948"
"2019-04-26T17:54:00+00:00","162.100006104"
"2019-04-26T17:55:00+00:00","156.899993896"
"2019-04-26T17:56:00+00:00","123.900001526"
"2019-04-26T17:57:00+00:00","134.399993896"
"2019-04-26T17:58:00+00:00","142.600006104"
"2019-04-26T17:59:00+00:00","123.699996948"
"2019-04-26T18:00:00+00:00","125.2"
"2019-04-26T18:01:00+00:00","110.699996948"
"2019-04-26T18:02:00+00:00","129.100006104"
"2019-04-26T18:03:00+00:00","130.399993896"
"2019-04-26T18:04:00+00:00","176.899993896"
"2019-04-26T18:05:00+00:00","120.199996948"
"2019-04-26T18:06:00+00:00","138.100006104"
"2019-04-26T18:07:00+00:00","128.399993896"
"2019-04-26T18:08:00+00:00","129.5"
"2019-04-26T18:09:00+00:00","117.599998474"
"2019-04-26T18:10:00+00:00","108.9"
"2019-04-26T18:11:00+00:00","123.199996948"
"2019-04-26T18:12:00+00:00","126.5"
"2019-04-26T18:13:00+00:00","132.100006104"
"2019-04-26T18:14:00+00:00","124"
"2019-04-26T18:15:00+00:00","122.699996948"
"2019-04-26T18:16:00+00:00","121.400001526"
"2019-04-26T18:17:00+00:00","134.600006104"
"2019-04-26T18:18:00+00:00","125"
"2019-04-26T18:19:00+00:00","123.900001526"
"2019-04-26T18:20:00+00:00","121.699996948"
"2019-04-26T18:21:00+00:00","137.5"
"2019-04-26T18:22:00+00:00","135.1"
"2019-04-26T18:23:00+00:00","132.199996948"
"2019-04-26T18:24:00+00:00","131.300003052"
"2019-04-26T18:25:00+00:00","129"
"2019-04-26T18:26:00+00:00","141"
"2019-04-26T18:27:00+00:00","135.300003052"
"2019-04-26T18:28:00+00:00","137.699996948"
"2019-04-26T18:29:00+00:00","143"
"2019-04-26T18:30:00+00:00","137.800003052"
"2019-04-26T18:31:00+00:00","139.199996948"
"2019-04-26T18:32:00+00:00","133.7"
"2019-04-26T18:33:00+00:00","140.199996948"
"2019-04-26T18:34:00+00:00","147.600006104"
"2019-04-26T18:35:00+00:00","149.199996948"
"2019-04-26T18:36:00+00:00","142.600006104"
"2019-04-26T18:37:00+00:00","148.899993896"
"2019-04-26T18:38:00+00:00","138.800003052"
"2019-04-26T18:39:00+00:00","137.899993896"
"2019-04-26T18:40:00+00:00","130"
"2019-04-26T18:41:00+00:00","133.600006104"
"2019-04-26T18:42:00+00:00","148.100006104"
"2019-04-26T18:43:00+00:00","133.5"
"2019-04-26T18:44:00+00:00","145.399993896"
"2019-04-26T18:45:00+00:00","145.5"
"2019-04-26T18:46:00+00:00","153.399993896"
"2019-04-26T18:47:00+00:00","147.100006104"
"2019-04-26T18:48:00+00:00","149.199996948"
"2019-04-26T18:49:00+00:00","140.100006104"
"2019-04-26T18:50:00+00:00","143.8"
"2019-04-26T18:51:00+00:00","143.300003052"
"2019-04-26T18:52:00+00:00","153.600006104"
"2019-04-26T18:53:00+00:00","162.699996948"
"2019-04-26T18:54:00+00:00","130.899993896"
"2019-04-26T18:55:00+00:00","136.699996948"
"2019-04-26T18:56:00+00:00","134.800003052"
"2019-04-26T18:57:00+00:00","133.100006104"
"2019-04-26T18:58:00+00:00","131.699996948"
"2019-04-26T18:59:00+00:00","143"
"2019-04-26T19:00:00+00:00","111.5"
"2019-04-26T19:01:00+00:00","150"
"2019-04-26T19:02:00+00:00","149.699996948"
"2019-04-26T19:03:00+00:00","140.100006104"
"2019-04-26T19:04:00+00:00","134.899993896"
"2019-04-26T19:05:00+00:00","141"
"2019-04-26T19:06:00+00:00","130.199996948"
"2019-04-26T19:07:00+00:00","127.900001526"
"2019-04-26T19:08:00+00:00","106.5"
"2019-04-26T19:09:00+00:00","108.099998474"
"2019-04-26T19:10:00+00:00","114.9"
"2019-04-26T19:11:00+00:00","124.400001526"
"2019-04-26T19:12:00+00:00","114.900001526"
"2019-04-26T19:13:00+00:00","0"
"2019-04-26T19:14:00+00:00","94.0999984741"
"2019-04-26T19:15:00+00:00","126.199996948"
"2019-04-26T19:16:00+00:00","0"
"2019-04-26T19:17:00+00:00","116.900001526"
"2019-04-26T19:18:00+00:00","155.199996948"
"2019-04-26T19:19:00+00:00","151.399993896"
"2019-04-26T19:20:00+00:00","159.5"
"2019-04-26T19:21:00+00:00","158"
"2019-04-26T19:22:00+00:00","154.5"
"2019-04-26T19:23:00+00:00","156.399993896"
"2019-04-26T19:24:00+00:00","153.600006104"
"2019-04-26T19:25:00+00:00","154.5"
"2019-04-26T19:26:00+00:00","144.5"
"2019-04-26T19:27:00+00:00","151"
"2019-04-26T19:28:00+00:00","166.699996948"
"2019-04-26T19:29:00+00:00","147.5"
"2019-04-26T19:30:00+00:00","142.199996948"
"2019-04-26T19:31:00+00:00","138.9"
"2019-04-26T19:32:00+00:00","143.399993896"
"2019-04-26T19:33:00+00:00","139.5"
"2019-04-26T19:34:00+00:00","133.899993896"
"2019-04-26T19:35:00+00:00","135.899993896"
"2019-04-26T19:36:00+00:00","145.5"
"2019-04-26T19:37:00+00:00","148.800003052"
"2019-04-26T19:38:00+00:00","149.300003052"
"2019-04-26T19:39:00+00:00","143"
"2019-04-26T19:40:00+00:00","146.399993896"
"2019-04-26T19:41:00+00:00","150.1"
"2019-04-26T19:42:00+00:00","141.199996948"
"2019-04-26T19:43:00+00:00","148.5"
"2019-04-26T19:44:00+00:00","146.699996948"
"2019-04-26T19:45:00+00:00","154.300003052"
"2019-04-26T19:46:00+00:00","152.199996948"
"2019-04-26T19:47:00+00:00","144.300003052"
"2019-04-26T19:48:00+00:00","152.699996948"
"2019-04-26T19:49:00+00:00","150.199996948"
"2019-04-26T19:50:00+00:00","149.6"
"2019-04-26T19:51:00+00:00","146.100006104"
"2019-04-26T19:52:00+00:00","152.699996948"
"2019-04-26T19:53:00+00:00","138.199996948"
"2019-04-26T19:54:00+00:00","153.600006104"
"2019-04-26T19:55:00+00:00","153.800003052"
"2019-04-26T19:56:00+00:00","155.699996948"
"2019-04-26T19:57:00+00:00","149.5"
"2019-04-26T19:58:00+00:00","159.199996948"
"2019-04-26T19:59:00+00:00","169.100006104"
"2019-04-26T20:00:00+00:00","139.199996948"
"2019-04-26T20:01:00+00:00","161.300003052"
"2019-04-26T20:02:00+00:00","166.7"
"2019-04-26T20:03:00+00:00","160.199996948"
"2019-04-26T20:04:00+00:00","160.899993896"
"2019-04-26T20:05:00+00:00","147.5"
"2019-04-26T20:06:00+00:00","148.199996948"
"2019-04-26T20:07:00+00:00","155.300003052"
"2019-04-26T20:08:00+00:00","157.100006104"
"2019-04-26T20:09:00+00:00","154.5"
"2019-04-26T20:10:00+00:00","156.1"
"2019-04-26T20:11:00+00:00","154.399993896"
"2019-04-26T20:12:00+00:00","149"
"2019-04-26T20:13:00+00:00","151.399993896"
"2019-04-26T20:14:00+00:00","159"
"2019-04-26T20:15:00+00:00","150.800003052"
"2019-04-26T20:16:00+00:00","164.300003052"
"2019-04-26T20:17:00+00:00","148.100006104"
"2019-04-26T20:18:00+00:00","139.5"
"2019-04-26T20:19:00+00:00","153.899993896"
"2019-04-26T20:20:00+00:00","169"
"2019-04-26T20:21:00+00:00","167.5"
"2019-04-26T20:22:00+00:00","174.600006104"
"2019-04-26T20:23:00+00:00","160.399993896"
"2019-04-26T20:24:00+00:00","170.300003052"
"2019-04-26T20:25:00+00:00","166"
"2019-04-26T20:26:00+00:00","156.300003052"
"2019-04-26T20:27:00+00:00","182.199996948"
"2019-04-26T20:28:00+00:00","176"
"2019-04-26T20:29:00+00:00","159.899993896"
"2019-04-26T20:30:00+00:00","176.199996948"
"2019-04-26T20:31:00+00:00","166.899993896"
"2019-04-26T20:32:00+00:00","165.7"
"2019-04-26T20:33:00+00:00","152.899993896"
"2019-04-26T20:34:00+00:00","163.800003052"
"2019-04-26T20:35:00+00:00","148.699996948"
"2019-04-26T20:36:00+00:00","155.899993896"
"2019-04-26T20:37:00+00:00","148.300003052"
"2019-04-26T20:38:00+00:00","164.300003052"
"2019-04-26T20:39:00+00:00","171"
"2019-04-26T20:40:00+00:00","163.1"
"2019-04-26T20:41:00+00:00","164.699996948"
"2019-04-26T20:42:00+00:00","162.300003052"
"2019-04-26T20:43:00+00:00","167.199996948"
"2019-04-26T20:44:00+00:00","160.5"
"2019-04-26T20:45:00+00:00","154.100006104"
"2019-04-26T20:46:00+00:00","137.399993896"
"2019-04-26T20:47:00+00:00","164.899993896"
"2019-04-26T20:48:00+00:00","164.199996948"
"2019-04-26T20:49:00+00:00","174.300003052"
"2019-04-26T20:50:00+00:00","150.7"
"2019-04-26T20:51:00+00:00","147.5"
"2019-04-26T20:52:00+00:00","139.899993896"
"2019-04-26T20:53:00+00:00","149.899993896"
"2019-04-26T20:54:00+00:00","169.300003052"
"2019-04-26T20:55:00+00:00","213.199996948"
"2019-04-26T20:56:00+00:00","180.399993896"
"2019-04-26T20:57:00+00:00","132"
"2019-04-26T20:58:00+00:00","125.099998474"
"2019-04-26T20:59:00+00:00","144.699996948"
"2019-04-26T21:00:00+00:00","165.699996948"
"2019-04-26T21:01:00+00:00","198.7"
"2019-04-26T21:02:00+00:00","145"
"2019-04-26T21:03:00+00:00","136.300003052"
"2019-04-26T21:04:00+00:00","127.800003052"
"2019-04-26T21:05:00+00:00","131.399993896"
"2019-04-26T21:06:00+00:00","136.100006104"
"2019-04-26T21:07:00+00:00","145.899993896"
"2019-04-26T21:08:00+00:00","175.800003052"
"2019-04-26T21:09:00+00:00","157.100006104"
"2019-04-26T21:10:00+00:00","129.5"
"2019-04-26T21:11:00+00:00","133.4"
"2019-04-26T21:12:00+00:00","131.600006104"
"2019-04-26T21:13:00+00:00","156.399993896"
"2019-04-26T21:14:00+00:00","163.899993896"
"2019-04-26T21:15:00+00:00","172"
"2019-04-26T21:16:00+00:00","167.699996948"
"2019-04-26T21:17:00+00:00","137.800003052"
"2019-04-26T21:18:00+00:00","135.800003052"
"2019-04-26T21:19:00+00:00","133.100006104"
"2019-04-26T21:20:00+00:00","141.800003052"
"2019-04-26T21:21:00+00:00","164.699996948"
"2019-04-26T21:22:00+00:00","193.5"
"2019-04-26T21:23:00+00:00","186.399993896"
"2019-04-26T21:24:00+00:00","155.600006104"
"2019-04-26T21:25:00+00:00","148"
"2019-04-26T21:26:00+00:00","148.399993896"
"2019-04-26T21:27:00+00:00","147.600006104"
"2019-04-26T21:28:00+00:00","148"
"2019-04-26T21:29:00+00:00","146.300003052"
"2019-04-26T21:30:00+00:00","149.800003052"
"2019-04-26T21:31:00+00:00","155.8"
"2019-04-26T21:32:00+00:00","165.300003052"
"2019-04-26T21:33:00+00:00","168.5"
"2019-04-26T21:34:00+00:00","163.899993896"
"2019-04-26T21:35:00+00:00","164.800003052"
"2019-04-26T21:36:00+00:00","148.899993896"
"2019-04-26T21:37:00+00:00","148"
"2019-04-26T21:38:00+00:00","147.199996948"
"2019-04-26T21:39:00+00:00","165.199996948"
"2019-04-26T21:40:00+00:00","153.4"
"2019-04-26T21:41:00+00:00","147"
"2019-04-26T21:42:00+00:00","144.899993896"
"2019-04-26T21:43:00+00:00","154.800003052"
"2019-04-26T21:44:00+00:00","178"
"2019-04-26T21:45:00+00:00","204.300003052"
"2019-04-26T21:46:00+00:00","213.300003052"
"2019-04-26T21:47:00+00:00","206.300003052"
"2019-04-26T21:48:00+00:00","162.100006104"
"2019-04-26T21:49:00+00:00","153.699996948"
"2019-04-26T21:50:00+00:00","153.100006104"
"2019-04-26T21:51:00+00:00","157.3"
"2019-04-26T21:52:00+00:00","150.800003052"
"2019-04-26T21:53:00+00:00","146.699996948"
"2019-04-26T21:54:00+00:00","148.199996948"
"2019-04-26T21:55:00+00:00","153.699996948"
"2019-04-26T21:56:00+00:00","151.199996948"
"2019-04-26T21:57:00+00:00","152.199996948"
"2019-04-26T21:58:00+00:00","137.699996948"
"2019-04-26T21:59:00+00:00","153.699996948"
"2019-04-26T22:00:00+00:00","152.600006104"
"2019-04-26T22:01:00+00:00","136.4"
"2019-04-26T22:02:00+00:00","145.199996948"
"2019-04-26T22:03:00+00:00","135.5"
"2019-04-26T22:04:00+00:00","133.300003052"
"2019-04-26T22:05:00+00:00","151.800003052"
"2019-04-26T22:06:00+00:00","150.699996948"
"2019-04-26T22:07:00+00:00","163"
"2019-04-26T22:08:00+00:00","160.800003052"
"2019-04-26T22:09:00+00:00","174.5"
"2019-04-26T22:10:00+00:00","171.9"
"2019-04-26T22:11:00+00:00","0"
"2019-04-26T22:12:00+00:00","157.100006104"
"2019-04-26T22:13:00+00:00","155.699996948"
"2019-04-26T22:14:00+00:00","155.5"
"2019-04-26T22:15:00+00:00","165.699996948"
"2019-04-26T22:16:00+00:00","174.100006104"
"2019-04-26T22:17:00+00:00","176.199996948"
"2019-04-26T22:18:00+00:00","152.199996948"
"2019-04-26T22:19:00+00:00","176.399993896"
"2019-04-26T22:20:00+00:00","173.199996948"
"2019-04-26T22:21:00+00:00","148.8"
"2019-04-26T22:22:00+00:00","190"
"2019-04-26T22:23:00+00:00","185.600006104"
"2019-04-26T22:24:00+00:00","152.600006104"
"2019-04-26T22:25:00+00:00","147.800003052"
"2019-04-26T22:26:00+00:00","149.600006104"
"2019-04-26T22:27:00+00:00","185.100006104"
"2019-04-26T22:28:00+00:00","151.899993896"
"2019-04-26T22:29:00+00:00","163.399993896"
"2019-04-26T22:30:00+00:00","161.899993896"
"2019-04-26T22:31:00+00:00","158.199996948"
"2019-04-26T22:32:00+00:00","152.300003052"
"2019-04-26T22:33:00+00:00","164.199996948"
"2019-04-26T22:34:00+00:00","158.1"
"2019-04-26T22:35:00+00:00","161.199996948"
"2019-04-26T22:36:00+00:00","156"
"2019-04-26T22:37:00+00:00","147.399993896"
"2019-04-26T22:38:00+00:00","152.199996948"
"2019-04-26T22:39:00+00:00","154.5"
"2019-04-26T22:40:00+00:00","154.4"
"2019-04-26T22:41:00+00:00","156.100006104"
"2019-04-26T22:42:00+00:00","155.899993896"
"2019-04-26T22:43:00+00:00","156.399993896"
"2019-04-26T22:44:00+00:00","155.399993896"
"2019-04-26T22:45:00+00:00","146.399993896"
"2019-04-26T22:46:00+00:00","147.399993896"
"2019-04-26T22:47:00+00:00","151.300003052"
"2019-04-26T22:48:00+00:00","153"
"2019-04-26T22:49:00+00:00","151.5"
"2019-04-26T22:50:00+00:00","155.100006104"
"2019-04-26T22:51:00+00:00","157.300003052"
"2019-04-26T22:52:00+00:00","158.199996948"
"2019-04-26T22:53:00+00:00","154.600006104"
"2019-04-26T22:54:00+00:00","146.199996948"
"2019-04-26T22:55:00+00:00","154.899993896"
"2019-04-26T22:56:00+00:00","139.899993896"
"2019-04-26T22:57:00+00:00","162.899993896"
"2019-04-26T22:58:00+00:00","151.199996948"
"2019-04-26T22:59:00+00:00","146.899993896"
"2019-04-26T23:00:00+00:00","152.5"
"2019-04-26T23:01:00+00:00","165.6"
"2019-04-26T23:02:00+00:00","154.399993896"
"2019-04-26T23:03:00+00:00","149"
"2019-04-26T23:04:00+00:00","153.699996948"
"2019-04-26T23:05:00+00:00","160.600006104"
"2019-04-26T23:06:00+00:00","161.600006104"
"2019-04-26T23:07:00+00:00","159.5"
"2019-04-26T23:08:00+00:00","156.800003052"
"2019-04-26T23:09:00+00:00","154.300003052"
"2019-04-26T23:10:00+00:00","144.899993896"
"2019-04-26T23:11:00+00:00","153.9"
"2019-04-26T23:12:00+00:00","144.300003052"
"2019-04-26T23:13:00+00:00","182.699996948"
"2019-04-26T23:14:00+00:00","206.600006104"
"2019-04-26T23:15:00+00:00","194.100006104"
"2019-04-26T23:16:00+00:00","184"
"2019-04-26T23:17:00+00:00","173.399993896"
"2019-04-26T23:18:00+00:00","153"
"2019-04-26T23:19:00+00:00","135.899993896"
"2019-04-26T23:20:00+00:00","118.5"
"2019-04-26T23:21:00+00:00","132.5"
"2019-04-26T23:22:00+00:00","136.199996948"
"2019-04-26T23:23:00+00:00","136.600006104"
"2019-04-26T23:24:00+00:00","134.600006104"
"2019-04-26T23:25:00+00:00","155"
"2019-04-26T23:26:00+00:00","154.300003052"
"2019-04-26T23:27:00+00:00","155.600006104"
"2019-04-26T23:28:00+00:00","148.800003052"
"2019-04-26T23:29:00+00:00","145.899993896"
"2019-04-26T23:30:00+00:00","142.399993896"
"2019-04-26T23:31:00+00:00","149"
"2019-04-26T23:32:00+00:00","153.899993896"
"2019-04-26T23:33:00+00:00","156.699996948"
"2019-04-26T23:34:00+00:00","158.5"
"2019-04-26T23:35:00+00:00","153"
"2019-04-26T23:36:00+00:00","145.300003052"
"2019-04-26T23:37:00+00:00","142.800003052"
"2019-04-26T23:38:00+00:00","146.399993896"
"2019-04-26T23:39:00+00:00","141"
"2019-04-26T23:40:00+00:00","144.5"
"2019-04-26T23:41:00+00:00","159.399993896"
"2019-04-26T23:42:00+00:00","182.600006104"
"2019-04-26T23:43:00+00:00","158.5"
"2019-04-26T23:44:00+00:00","152.199996948"
"2019-04-26T23:45:00+00:00","141.899993896"
"2019-04-26T23:46:00+00:00","142.899993896"
"2019-04-26T23:47:00+00:00","142"
"2019-04-26T23:48:00+00:00","136.899993896"
"2019-04-26T23:49:00+00:00","135.699996948"
"2019-04-26T23:50:00+00:00","147.8"
"2019-04-26T23:51:00+00:00","139.100006104"
"2019-04-26T23:52:00+00:00","120.599998474"
"2019-04-26T23:53:00+00:00","119.800003052"
"2019-04-26T23:54:00+00:00","127.699996948"
"2019-04-26T23:55:00+00:00","146"
"2019-04-26T23:56:00+00:00","151.699996948"
"2019-04-26T23:57:00+00:00","143.899993896"
"2019-04-26T23:58:00+00:00","148.800003052"
"2019-04-26T23:59:00+00:00","146.600006104"
