"datetime","value"
"2019-05-04T00:00:58+00:00","30.7999992371"
"2019-05-04T00:01:58+00:00","33.7000007629"
"2019-05-04T00:02:58+00:00","35.2999992371"
"2019-05-04T00:03:58+00:00","42.5"
"2019-05-04T00:04:58+00:00","40"
"2019-05-04T00:05:58+00:00","40.7999992371"
"2019-05-04T00:06:58+00:00","40.5999984741"
"2019-05-04T00:07:58+00:00","39.2999992371"
"2019-05-04T00:08:58+00:00","37"
"2019-05-04T00:09:58+00:00","35.7000007629"
"2019-05-04T00:10:58+00:00","35.7000007629"
"2019-05-04T00:11:58+00:00","35"
"2019-05-04T00:12:58+00:00","34.4000015259"
"2019-05-04T00:13:58+00:00","34.2999992371"
"2019-05-04T00:14:58+00:00","37.0999984741"
"2019-05-04T00:15:58+00:00","34.9000015259"
"2019-05-04T00:16:58+00:00","35.5999984741"
"2019-05-04T00:17:58+00:00","35.2000007629"
"2019-05-04T00:18:58+00:00","35.2000007629"
"2019-05-04T00:19:58+00:00","35.2000007629"
"2019-05-04T00:20:58+00:00","35.0999984741"
"2019-05-04T00:21:58+00:00","34.7999992371"
"2019-05-04T00:22:58+00:00","36.2000007629"
"2019-05-04T00:23:58+00:00","36"
"2019-05-04T00:24:58+00:00","35.7000007629"
"2019-05-04T00:25:58+00:00","37.5999984741"
"2019-05-04T00:26:58+00:00","40.5"
"2019-05-04T00:27:58+00:00","38.7999992371"
"2019-05-04T00:28:58+00:00","40.9000015259"
"2019-05-04T00:29:58+00:00","41.9000015259"
"2019-05-04T00:30:58+00:00","40.5"
"2019-05-04T00:31:58+00:00","40.5"
"2019-05-04T00:32:58+00:00","37.9000015259"
"2019-05-04T00:33:58+00:00","38.9000015259"
"2019-05-04T00:34:58+00:00","40"
"2019-05-04T00:35:58+00:00","42.7999992371"
"2019-05-04T00:36:58+00:00","42.7999992371"
"2019-05-04T00:37:58+00:00","42.4000015259"
"2019-05-04T00:38:58+00:00","43.5"
"2019-05-04T00:39:58+00:00","40.7000007629"
"2019-05-04T00:40:58+00:00","39"
"2019-05-04T00:41:58+00:00","40.1"
"2019-05-04T00:42:58+00:00","41.7000007629"
"2019-05-04T00:43:58+00:00","41.2999992371"
"2019-05-04T00:44:58+00:00","40.2000007629"
"2019-05-04T00:45:58+00:00","36.5999984741"
"2019-05-04T00:46:58+00:00","37.2999992371"
"2019-05-04T00:47:58+00:00","36.5"
"2019-05-04T00:48:58+00:00","38.5"
"2019-05-04T00:49:58+00:00","38.7999992371"
"2019-05-04T00:50:58+00:00","38.7999992371"
"2019-05-04T00:51:58+00:00","37"
"2019-05-04T00:52:58+00:00","38.9000015259"
"2019-05-04T00:53:58+00:00","38.4000015259"
"2019-05-04T00:54:58+00:00","37.5"
"2019-05-04T00:55:58+00:00","37.4000015259"
"2019-05-04T00:56:58+00:00","35.5999984741"
"2019-05-04T00:57:58+00:00","32.9000015259"
"2019-05-04T00:58:58+00:00","34.4000015259"
"2019-05-04T00:59:58+00:00","32.7999992371"
"2019-05-04T01:00:58+00:00","32.7999992371"
"2019-05-04T01:01:58+00:00","32.1"
"2019-05-04T01:02:58+00:00","32"
"2019-05-04T01:03:58+00:00","32.9000015259"
"2019-05-04T01:04:58+00:00","34.5999984741"
"2019-05-04T01:05:58+00:00","35.7999992371"
"2019-05-04T01:06:58+00:00","36.7999992371"
"2019-05-04T01:07:58+00:00","35.2000007629"
"2019-05-04T01:08:58+00:00","34.4000015259"
"2019-05-04T01:09:58+00:00","35.4000015259"
"2019-05-04T01:10:58+00:00","34.5999984741"
"2019-05-04T01:11:58+00:00","34.5999984741"
"2019-05-04T01:12:58+00:00","34.5"
"2019-05-04T01:13:58+00:00","34.4000015259"
"2019-05-04T01:14:58+00:00","36"
"2019-05-04T01:15:58+00:00","34.5999984741"
"2019-05-04T01:16:58+00:00","34.2999992371"
"2019-05-04T01:17:58+00:00","32.9000015259"
"2019-05-04T01:18:58+00:00","33.5999984741"
"2019-05-04T01:19:58+00:00","33.5"
"2019-05-04T01:20:58+00:00","32.7999992371"
"2019-05-04T01:21:58+00:00","34.2999992371"
"2019-05-04T01:22:58+00:00","32.5"
"2019-05-04T01:23:58+00:00","33.0999984741"
"2019-05-04T01:24:58+00:00","32.0999984741"
"2019-05-04T01:25:58+00:00","33.7000007629"
"2019-05-04T01:26:58+00:00","33.5999984741"
"2019-05-04T01:27:58+00:00","33.7000007629"
"2019-05-04T01:28:58+00:00","33.5"
"2019-05-04T01:29:58+00:00","32.7999992371"
"2019-05-04T01:30:58+00:00","32.7999992371"
"2019-05-04T01:31:58+00:00","34"
"2019-05-04T01:32:58+00:00","33.5999984741"
"2019-05-04T01:33:58+00:00","32.7000007629"
"2019-05-04T01:34:58+00:00","33"
"2019-05-04T01:35:58+00:00","32.9000015259"
"2019-05-04T01:36:58+00:00","32.2999992371"
"2019-05-04T01:37:58+00:00","33.2000007629"
"2019-05-04T01:38:58+00:00","33.2999992371"
"2019-05-04T01:39:58+00:00","33.2999992371"
"2019-05-04T01:40:58+00:00","32.7999992371"
"2019-05-04T01:41:58+00:00","31.1000003815"
"2019-05-04T01:42:58+00:00","31.7999992371"
"2019-05-04T01:43:58+00:00","33"
"2019-05-04T01:44:58+00:00","32.5999984741"
"2019-05-04T01:45:58+00:00","30.8999996185"
"2019-05-04T01:46:58+00:00","31.7999992371"
"2019-05-04T01:47:58+00:00","31.2999992371"
"2019-05-04T01:48:58+00:00","30.5"
"2019-05-04T01:49:58+00:00","30.2000007629"
"2019-05-04T01:50:58+00:00","30.3999996185"
"2019-05-04T01:51:58+00:00","30.1000003815"
"2019-05-04T01:52:58+00:00","29.2999992371"
"2019-05-04T01:53:58+00:00","28.7000007629"
"2019-05-04T01:54:58+00:00","28.2999992371"
"2019-05-04T01:55:58+00:00","28.7999992371"
"2019-05-04T01:56:58+00:00","27.6000003815"
"2019-05-04T01:57:58+00:00","28.2000007629"
"2019-05-04T01:58:58+00:00","27.8999996185"
"2019-05-04T01:59:58+00:00","28.1000003815"
"2019-05-04T02:00:58+00:00","27"
"2019-05-04T02:01:58+00:00","27.1000003815"
"2019-05-04T02:02:58+00:00","27.5"
"2019-05-04T02:03:58+00:00","26.3999996185"
"2019-05-04T02:04:58+00:00","25.3999996185"
"2019-05-04T02:05:58+00:00","25.8999996185"
"2019-05-04T02:06:58+00:00","25"
"2019-05-04T02:07:58+00:00","26.1000003815"
"2019-05-04T02:08:58+00:00","26.7000007629"
"2019-05-04T02:09:58+00:00","25.7999992371"
"2019-05-04T02:10:58+00:00","26.7999992371"
"2019-05-04T02:11:58+00:00","25.8999996185"
"2019-05-04T02:12:58+00:00","25.2000007629"
"2019-05-04T02:13:58+00:00","26"
"2019-05-04T02:14:58+00:00","25.3999996185"
"2019-05-04T02:15:58+00:00","26"
"2019-05-04T02:16:58+00:00","26.5"
"2019-05-04T02:17:58+00:00","26.1000003815"
"2019-05-04T02:18:58+00:00","26.1000003815"
"2019-05-04T02:19:58+00:00","26.3999996185"
"2019-05-04T02:20:58+00:00","25.2999992371"
"2019-05-04T02:21:58+00:00","26.1000003815"
"2019-05-04T02:22:58+00:00","25.6000003815"
"2019-05-04T02:23:58+00:00","24.2000007629"
"2019-05-04T02:24:58+00:00","26.2999992371"
"2019-05-04T02:25:58+00:00","25.6000003815"
"2019-05-04T02:26:58+00:00","26.2999992371"
"2019-05-04T02:27:58+00:00","24.1000003815"
"2019-05-04T02:28:58+00:00","24.2999992371"
"2019-05-04T02:29:58+00:00","24.2000007629"
"2019-05-04T02:30:58+00:00","23.1000003815"
"2019-05-04T02:31:58+00:00","24"
"2019-05-04T02:32:58+00:00","23.8999996185"
"2019-05-04T02:33:58+00:00","23.3999996185"
"2019-05-04T02:34:58+00:00","23.1000003815"
"2019-05-04T02:35:58+00:00","23.7999992371"
"2019-05-04T02:36:58+00:00","23.7999992371"
"2019-05-04T02:37:58+00:00","23.3999996185"
"2019-05-04T02:38:58+00:00","22.6000003815"
"2019-05-04T02:39:58+00:00","23.2000007629"
"2019-05-04T02:40:58+00:00","22.7999992371"
"2019-05-04T02:41:58+00:00","22.2000007629"
"2019-05-04T02:42:58+00:00","22.3999996185"
"2019-05-04T02:43:58+00:00","21.7999992371"
"2019-05-04T02:44:58+00:00","23.3999996185"
"2019-05-04T02:45:58+00:00","22.7999992371"
"2019-05-04T02:46:58+00:00","23.1000003815"
"2019-05-04T02:47:58+00:00","22"
"2019-05-04T02:48:58+00:00","22"
"2019-05-04T02:49:58+00:00","21.7000007629"
"2019-05-04T02:50:58+00:00","22.6000003815"
"2019-05-04T02:51:58+00:00","22.7999992371"
"2019-05-04T02:52:58+00:00","22.3999996185"
"2019-05-04T02:53:58+00:00","22.5"
"2019-05-04T02:54:58+00:00","22"
"2019-05-04T02:55:58+00:00","21.7000007629"
"2019-05-04T02:56:58+00:00","22.1000003815"
"2019-05-04T02:57:58+00:00","21.5"
"2019-05-04T02:58:58+00:00","21.3999996185"
"2019-05-04T02:59:58+00:00","20"
"2019-05-04T03:00:58+00:00","20"
"2019-05-04T03:01:58+00:00","21.6000003815"
"2019-05-04T03:02:58+00:00","20.3999996185"
"2019-05-04T03:03:58+00:00","21"
"2019-05-04T03:04:58+00:00","21.6000003815"
"2019-05-04T03:05:58+00:00","20.6000003815"
"2019-05-04T03:06:58+00:00","19.3999996185"
"2019-05-04T03:07:58+00:00","20.1000003815"
"2019-05-04T03:08:58+00:00","21.1000003815"
"2019-05-04T03:09:58+00:00","20.2000007629"
"2019-05-04T03:10:58+00:00","21.5"
"2019-05-04T03:11:58+00:00","19.7999992371"
"2019-05-04T03:12:58+00:00","19.7999992371"
"2019-05-04T03:13:58+00:00","20.7999992371"
"2019-05-04T03:14:58+00:00","22"
"2019-05-04T03:15:58+00:00","21.1000003815"
"2019-05-04T03:16:58+00:00","20.8999996185"
"2019-05-04T03:17:58+00:00","21.2000007629"
"2019-05-04T03:18:58+00:00","20.3999996185"
"2019-05-04T03:19:58+00:00","19.7000007629"
"2019-05-04T03:20:58+00:00","21.6000003815"
"2019-05-04T03:21:58+00:00","22.1000003815"
"2019-05-04T03:22:58+00:00","22.2999992371"
"2019-05-04T03:23:58+00:00","21.2000007629"
"2019-05-04T03:24:58+00:00","20.6000003815"
"2019-05-04T03:25:58+00:00","20.7999992371"
"2019-05-04T03:26:58+00:00","20.6000003815"
"2019-05-04T03:27:58+00:00","21"
"2019-05-04T03:28:58+00:00","20.2999992371"
"2019-05-04T03:29:58+00:00","20.2999992371"
"2019-05-04T03:30:58+00:00","20.7000007629"
"2019-05-04T03:31:58+00:00","20"
"2019-05-04T03:32:58+00:00","19.5"
"2019-05-04T03:33:58+00:00","19.6000003815"
"2019-05-04T03:34:58+00:00","18.8999996185"
"2019-05-04T03:35:58+00:00","19.7999992371"
"2019-05-04T03:36:58+00:00","20.2999992371"
"2019-05-04T03:37:58+00:00","20.1000003815"
"2019-05-04T03:38:58+00:00","20"
"2019-05-04T03:39:58+00:00","19.3999996185"
"2019-05-04T03:40:58+00:00","19.3999996185"
"2019-05-04T03:41:58+00:00","19.5"
"2019-05-04T03:42:58+00:00","20.5"
"2019-05-04T03:43:58+00:00","18.8999996185"
"2019-05-04T03:44:58+00:00","18.5"
"2019-05-04T03:45:58+00:00","18.1000003815"
"2019-05-04T03:46:58+00:00","18.5"
"2019-05-04T03:47:58+00:00","17.7000007629"
"2019-05-04T03:48:58+00:00","16.7000007629"
"2019-05-04T03:49:58+00:00","17.2999992371"
"2019-05-04T03:50:58+00:00","17.5"
"2019-05-04T03:51:58+00:00","17"
"2019-05-04T03:52:58+00:00","16.7999992371"
"2019-05-04T03:53:58+00:00","16.5"
"2019-05-04T03:54:58+00:00","16.7999992371"
"2019-05-04T03:55:58+00:00","17.3999996185"
"2019-05-04T03:56:58+00:00","17.1000003815"
"2019-05-04T03:57:58+00:00","16.2000007629"
"2019-05-04T03:58:58+00:00","16.7999992371"
"2019-05-04T03:59:58+00:00","16.8999996185"
"2019-05-04T04:00:58+00:00","16.2999992371"
"2019-05-04T04:01:58+00:00","15.5"
"2019-05-04T04:02:58+00:00","14.8000001907"
"2019-05-04T04:03:58+00:00","15.1999998093"
"2019-05-04T04:04:58+00:00","14.1999998093"
"2019-05-04T04:05:58+00:00","15.1999998093"
"2019-05-04T04:06:58+00:00","15.8999996185"
"2019-05-04T04:07:58+00:00","16.1000003815"
"2019-05-04T04:08:58+00:00","17"
"2019-05-04T04:09:58+00:00","17.2999992371"
"2019-05-04T04:10:58+00:00","15.5"
"2019-05-04T04:11:58+00:00","15.3999996185"
"2019-05-04T04:12:58+00:00","15.6999998093"
"2019-05-04T04:13:58+00:00","15"
"2019-05-04T04:14:58+00:00","13.8999996185"
"2019-05-04T04:15:58+00:00","15.1000003815"
"2019-05-04T04:16:58+00:00","15.3999996185"
"2019-05-04T04:17:58+00:00","17.2000007629"
"2019-05-04T04:18:58+00:00","15.8999996185"
"2019-05-04T04:19:58+00:00","16.2999992371"
"2019-05-04T04:20:58+00:00","16.2000007629"
"2019-05-04T04:21:58+00:00","15.8000001907"
"2019-05-04T04:22:58+00:00","15.6000003815"
"2019-05-04T04:23:58+00:00","15.8000001907"
"2019-05-04T04:24:58+00:00","16"
"2019-05-04T04:25:58+00:00","15"
"2019-05-04T04:26:58+00:00","15.3999996185"
"2019-05-04T04:27:58+00:00","14.1999998093"
"2019-05-04T04:28:58+00:00","16.8999996185"
"2019-05-04T04:29:58+00:00","16"
"2019-05-04T04:30:58+00:00","16.5"
"2019-05-04T04:31:58+00:00","15.5"
"2019-05-04T04:32:58+00:00","15.5"
"2019-05-04T04:33:58+00:00","16"
"2019-05-04T04:34:58+00:00","13.8999996185"
"2019-05-04T04:35:58+00:00","14.6999998093"
"2019-05-04T04:36:58+00:00","15.1000003815"
"2019-05-04T04:37:58+00:00","15.6999998093"
"2019-05-04T04:38:58+00:00","15.8000001907"
"2019-05-04T04:39:58+00:00","15.8999996185"
"2019-05-04T04:40:58+00:00","16"
"2019-05-04T04:41:58+00:00","16.7999992371"
"2019-05-04T04:42:58+00:00","16.8999996185"
"2019-05-04T04:43:58+00:00","16.1000003815"
"2019-05-04T04:44:58+00:00","16"
"2019-05-04T04:45:58+00:00","15.8000001907"
"2019-05-04T04:46:58+00:00","15.1000003815"
"2019-05-04T04:47:58+00:00","16.2999992371"
"2019-05-04T04:48:58+00:00","15.1000003815"
"2019-05-04T04:49:58+00:00","14.3999996185"
"2019-05-04T04:50:58+00:00","15"
"2019-05-04T04:51:58+00:00","15.8000001907"
"2019-05-04T04:52:58+00:00","15.8000001907"
"2019-05-04T04:53:58+00:00","15.6000003815"
"2019-05-04T04:54:58+00:00","15.6000003815"
"2019-05-04T04:55:58+00:00","15.3000001907"
"2019-05-04T04:56:58+00:00","15.6000003815"
"2019-05-04T04:57:58+00:00","15.1999998093"
"2019-05-04T04:58:58+00:00","15.3999996185"
"2019-05-04T04:59:58+00:00","14.3999996185"
"2019-05-04T05:00:58+00:00","15.6999998093"
"2019-05-04T05:01:58+00:00","14.8000001907"
"2019-05-04T05:02:58+00:00","16"
"2019-05-04T05:03:58+00:00","15.1000003815"
"2019-05-04T05:04:58+00:00","21.2000007629"
"2019-05-04T05:05:58+00:00","15.6999998093"
"2019-05-04T05:06:58+00:00","14.5"
"2019-05-04T05:07:58+00:00","16.3999996185"
"2019-05-04T05:08:58+00:00","14.6999998093"
"2019-05-04T05:09:58+00:00","15.1999998093"
"2019-05-04T05:10:58+00:00","16.5"
"2019-05-04T05:11:58+00:00","16.2000007629"
"2019-05-04T05:12:58+00:00","17.2000007629"
"2019-05-04T05:13:58+00:00","14.8999996185"
"2019-05-04T05:14:58+00:00","14.3999996185"
"2019-05-04T05:15:58+00:00","15"
"2019-05-04T05:16:58+00:00","15.3000001907"
"2019-05-04T05:17:58+00:00","15.3000001907"
"2019-05-04T05:18:58+00:00","15.6000003815"
"2019-05-04T05:19:58+00:00","15.1999998093"
"2019-05-04T05:20:58+00:00","14.6000003815"
"2019-05-04T05:21:58+00:00","15"
"2019-05-04T05:22:58+00:00","14.3000001907"
"2019-05-04T05:23:58+00:00","14.6999998093"
"2019-05-04T05:24:58+00:00","15.5"
"2019-05-04T05:25:58+00:00","14.6999998093"
"2019-05-04T05:26:58+00:00","15.1999998093"
"2019-05-04T05:27:58+00:00","14.6999998093"
"2019-05-04T05:28:58+00:00","15.6999998093"
"2019-05-04T05:29:58+00:00","15.3000001907"
"2019-05-04T05:30:58+00:00","15.1999998093"
"2019-05-04T05:31:58+00:00","15.6999998093"
"2019-05-04T05:32:58+00:00","15.3000001907"
"2019-05-04T05:33:58+00:00","15.3999996185"
"2019-05-04T05:34:58+00:00","15.5"
"2019-05-04T05:35:58+00:00","15.5"
"2019-05-04T05:36:58+00:00","15.1000003815"
"2019-05-04T05:37:58+00:00","15.5"
"2019-05-04T05:38:58+00:00","14.5"
"2019-05-04T05:39:58+00:00","14.8999996185"
"2019-05-04T05:40:58+00:00","14.8999996185"
"2019-05-04T05:41:58+00:00","14.5"
"2019-05-04T05:42:58+00:00","14.1000003815"
"2019-05-04T05:43:58+00:00","15.3000001907"
"2019-05-04T05:44:58+00:00","14.6999998093"
"2019-05-04T05:45:58+00:00","14.8000001907"
"2019-05-04T05:46:58+00:00","14.3999996185"
"2019-05-04T05:47:58+00:00","14.1000003815"
"2019-05-04T05:48:58+00:00","15"
"2019-05-04T05:49:58+00:00","14.3999996185"
"2019-05-04T05:50:58+00:00","13.8000001907"
"2019-05-04T05:51:58+00:00","14.3000001907"
"2019-05-04T05:52:58+00:00","13.8000001907"
"2019-05-04T05:53:58+00:00","14.8000001907"
"2019-05-04T05:54:58+00:00","13.8999996185"
"2019-05-04T05:55:58+00:00","14.5"
"2019-05-04T05:56:58+00:00","14.8000001907"
"2019-05-04T05:57:58+00:00","14.1999998093"
"2019-05-04T05:58:58+00:00","14.6000003815"
"2019-05-04T05:59:58+00:00","13.8000001907"
"2019-05-04T06:00:58+00:00","13.8999996185"
"2019-05-04T06:01:58+00:00","13.8999996185"
"2019-05-04T06:02:58+00:00","14.6000003815"
"2019-05-04T06:03:58+00:00","14.6000003815"
"2019-05-04T06:04:58+00:00","14.3000001907"
"2019-05-04T06:05:58+00:00","14.6000003815"
"2019-05-04T06:06:58+00:00","14.3000001907"
"2019-05-04T06:07:58+00:00","14.6000003815"
"2019-05-04T06:08:58+00:00","14.6999998093"
"2019-05-04T06:09:58+00:00","14.8000001907"
"2019-05-04T06:10:58+00:00","13.6999998093"
"2019-05-04T06:11:58+00:00","13.6999998093"
"2019-05-04T06:12:58+00:00","14.1000003815"
"2019-05-04T06:13:58+00:00","14.1999998093"
"2019-05-04T06:14:58+00:00","14.8999996185"
"2019-05-04T06:15:58+00:00","15.5"
"2019-05-04T06:16:58+00:00","15.3000001907"
"2019-05-04T06:17:58+00:00","14.1999998093"
"2019-05-04T06:18:58+00:00","15.3999996185"
"2019-05-04T06:19:58+00:00","15.1999998093"
"2019-05-04T06:20:58+00:00","14.6999998093"
"2019-05-04T06:21:58+00:00","15.1999998093"
"2019-05-04T06:22:58+00:00","15.3999996185"
"2019-05-04T06:23:58+00:00","14.5"
"2019-05-04T06:24:58+00:00","14.6999998093"
"2019-05-04T06:25:58+00:00","14.3000001907"
"2019-05-04T06:26:58+00:00","14.1000003815"
"2019-05-04T06:27:58+00:00","13.6000003815"
"2019-05-04T06:28:58+00:00","13.5"
"2019-05-04T06:29:58+00:00","13.8000001907"
"2019-05-04T06:30:58+00:00","14.8000001907"
"2019-05-04T06:31:58+00:00","14.3999996185"
"2019-05-04T06:32:58+00:00","14.1999998093"
"2019-05-04T06:33:58+00:00","14.3999996185"
"2019-05-04T06:34:58+00:00","13"
"2019-05-04T06:35:58+00:00","13.8000001907"
"2019-05-04T06:36:58+00:00","14.5"
"2019-05-04T06:37:58+00:00","13.8999996185"
"2019-05-04T06:38:58+00:00","14.3999996185"
"2019-05-04T06:39:58+00:00","15.3000001907"
"2019-05-04T06:40:58+00:00","13.5"
"2019-05-04T06:41:58+00:00","14.1999998093"
"2019-05-04T06:42:58+00:00","14.1999998093"
"2019-05-04T06:43:58+00:00","14"
"2019-05-04T06:44:58+00:00","14.1999998093"
"2019-05-04T06:45:58+00:00","14.1999998093"
"2019-05-04T06:46:58+00:00","16.5"
"2019-05-04T06:47:58+00:00","13.8999996185"
"2019-05-04T06:48:58+00:00","13.8999996185"
"2019-05-04T06:49:58+00:00","13.8000001907"
"2019-05-04T06:50:58+00:00","12.8999996185"
"2019-05-04T06:51:58+00:00","13.3000001907"
"2019-05-04T06:52:58+00:00","13.5"
"2019-05-04T06:53:58+00:00","13.6000003815"
"2019-05-04T06:54:58+00:00","14"
"2019-05-04T06:55:58+00:00","13.6999998093"
"2019-05-04T06:56:58+00:00","13.3000001907"
"2019-05-04T06:57:58+00:00","13"
"2019-05-04T06:58:58+00:00","14.5"
"2019-05-04T06:59:58+00:00","14.6999998093"
"2019-05-04T07:00:58+00:00","14.8999996185"
"2019-05-04T07:01:58+00:00","15.1000003815"
"2019-05-04T07:02:58+00:00","13.8999996185"
"2019-05-04T07:03:58+00:00","20.1000003815"
"2019-05-04T07:04:58+00:00","14"
"2019-05-04T07:05:58+00:00","14.3000001907"
"2019-05-04T07:06:58+00:00","13.8000001907"
"2019-05-04T07:07:58+00:00","13.5"
"2019-05-04T07:08:58+00:00","12.8999996185"
"2019-05-04T07:09:58+00:00","13.8999996185"
"2019-05-04T07:10:58+00:00","12.8000001907"
"2019-05-04T07:11:58+00:00","15.1000003815"
"2019-05-04T07:12:58+00:00","13.1000003815"
"2019-05-04T07:13:58+00:00","13.5"
"2019-05-04T07:14:58+00:00","13.8000001907"
"2019-05-04T07:15:58+00:00","14.3000001907"
"2019-05-04T07:16:58+00:00","14.8000001907"
"2019-05-04T07:17:58+00:00","14.1000003815"
"2019-05-04T07:18:58+00:00","13.8999996185"
"2019-05-04T07:19:58+00:00","14"
"2019-05-04T07:20:58+00:00","14.1999998093"
"2019-05-04T07:21:58+00:00","13.1000003815"
"2019-05-04T07:22:58+00:00","13.8999996185"
"2019-05-04T07:23:58+00:00","14.1000003815"
"2019-05-04T07:24:58+00:00","13"
"2019-05-04T07:25:58+00:00","13.1999998093"
"2019-05-04T07:26:58+00:00","12.6999998093"
"2019-05-04T07:27:58+00:00","14.5"
"2019-05-04T07:28:58+00:00","12.8999996185"
"2019-05-04T07:29:58+00:00","14.8999996185"
"2019-05-04T07:30:58+00:00","13.1999998093"
"2019-05-04T07:31:58+00:00","14.1000003815"
"2019-05-04T07:32:58+00:00","13.6000003815"
"2019-05-04T07:33:58+00:00","13.8000001907"
"2019-05-04T07:34:58+00:00","13.6000003815"
"2019-05-04T07:35:58+00:00","14.3999996185"
"2019-05-04T07:36:58+00:00","13.8000001907"
"2019-05-04T07:37:58+00:00","14.3999996185"
"2019-05-04T07:38:58+00:00","14.1999998093"
"2019-05-04T07:39:58+00:00","13.8000001907"
"2019-05-04T07:40:58+00:00","14.1999998093"
"2019-05-04T07:41:58+00:00","13.8000001907"
"2019-05-04T07:42:58+00:00","14"
"2019-05-04T07:43:58+00:00","14.5"
"2019-05-04T07:44:58+00:00","14.1000003815"
"2019-05-04T07:45:58+00:00","15.1000003815"
"2019-05-04T07:46:58+00:00","14.5"
"2019-05-04T07:47:58+00:00","15"
"2019-05-04T07:48:58+00:00","14.5"
"2019-05-04T07:49:58+00:00","14.6000003815"
"2019-05-04T07:50:58+00:00","14.1999998093"
"2019-05-04T07:51:58+00:00","14.1999998093"
"2019-05-04T07:52:58+00:00","14.3999996185"
"2019-05-04T07:53:58+00:00","15.8000001907"
"2019-05-04T07:54:58+00:00","13.3000001907"
"2019-05-04T07:55:58+00:00","14.3000001907"
"2019-05-04T07:56:58+00:00","13.8000001907"
"2019-05-04T07:57:58+00:00","13.8000001907"
"2019-05-04T07:58:58+00:00","15.3999996185"
"2019-05-04T07:59:58+00:00","14.8999996185"
"2019-05-04T08:00:58+00:00","13.8999996185"
"2019-05-04T08:01:58+00:00","13.3999996185"
"2019-05-04T08:02:58+00:00","13.8000001907"
"2019-05-04T08:03:58+00:00","13.5"
"2019-05-04T08:04:58+00:00","13.8999996185"
"2019-05-04T08:05:58+00:00","13.6000003815"
"2019-05-04T08:06:58+00:00","14.6000003815"
"2019-05-04T08:07:58+00:00","14"
"2019-05-04T08:08:58+00:00","13.6999998093"
"2019-05-04T08:09:58+00:00","13.5"
"2019-05-04T08:10:58+00:00","13.1000003815"
"2019-05-04T08:11:58+00:00","14.1000003815"
"2019-05-04T08:12:58+00:00","14"
"2019-05-04T08:13:58+00:00","13.8000001907"
"2019-05-04T08:14:58+00:00","14.3999996185"
"2019-05-04T08:15:58+00:00","14.1999998093"
"2019-05-04T08:16:58+00:00","14.6000003815"
"2019-05-04T08:17:58+00:00","16.5"
"2019-05-04T08:18:58+00:00","14"
"2019-05-04T08:19:58+00:00","15.3999996185"
"2019-05-04T08:20:58+00:00","14.8999996185"
"2019-05-04T08:21:58+00:00","14.5"
"2019-05-04T08:22:58+00:00","13.1000003815"
"2019-05-04T08:23:58+00:00","14.5"
"2019-05-04T08:24:58+00:00","14.5"
"2019-05-04T08:25:58+00:00","14"
"2019-05-04T08:26:58+00:00","13.5"
"2019-05-04T08:27:58+00:00","15.3999996185"
"2019-05-04T08:28:58+00:00","13.8999996185"
"2019-05-04T08:29:58+00:00","14.3000001907"
"2019-05-04T08:30:58+00:00","14.1999998093"
"2019-05-04T08:31:58+00:00","14.1000003815"
"2019-05-04T08:32:58+00:00","14.6999998093"
"2019-05-04T08:33:58+00:00","14.3000001907"
"2019-05-04T08:34:58+00:00","14"
"2019-05-04T08:35:58+00:00","14.1999998093"
"2019-05-04T08:36:58+00:00","14"
"2019-05-04T08:37:58+00:00","13.5"
"2019-05-04T08:38:58+00:00","16"
"2019-05-04T08:39:58+00:00","14.5"
"2019-05-04T08:40:58+00:00","13.6000003815"
"2019-05-04T08:41:58+00:00","13.5"
"2019-05-04T08:42:58+00:00","14"
"2019-05-04T08:43:58+00:00","15.3000001907"
"2019-05-04T08:44:58+00:00","14.3000001907"
"2019-05-04T08:45:58+00:00","13.6000003815"
"2019-05-04T08:46:58+00:00","13.3999996185"
"2019-05-04T08:47:58+00:00","14.1999998093"
"2019-05-04T08:48:58+00:00","13.8000001907"
"2019-05-04T08:49:58+00:00","13.1999998093"
"2019-05-04T08:50:58+00:00","13.3999996185"
"2019-05-04T08:51:58+00:00","13.5"
"2019-05-04T08:52:58+00:00","14"
"2019-05-04T08:53:58+00:00","13.3999996185"
"2019-05-04T08:54:58+00:00","14.1999998093"
"2019-05-04T08:55:58+00:00","13.6000003815"
"2019-05-04T08:56:58+00:00","13.8999996185"
"2019-05-04T08:57:58+00:00","14.3000001907"
"2019-05-04T08:58:58+00:00","14.3000001907"
"2019-05-04T08:59:58+00:00","14.3000001907"
"2019-05-04T09:00:58+00:00","13.3999996185"
"2019-05-04T09:01:58+00:00","14.1000003815"
"2019-05-04T09:02:58+00:00","13.5"
"2019-05-04T09:03:58+00:00","14"
"2019-05-04T09:04:58+00:00","13.6000003815"
"2019-05-04T09:05:58+00:00","13.8999996185"
"2019-05-04T09:06:58+00:00","14"
"2019-05-04T09:07:58+00:00","14.1000003815"
"2019-05-04T09:08:58+00:00","13.3999996185"
"2019-05-04T09:09:58+00:00","14.5"
"2019-05-04T09:10:58+00:00","13.3000001907"
"2019-05-04T09:11:58+00:00","13.6999998093"
"2019-05-04T09:12:58+00:00","12.3000001907"
"2019-05-04T09:13:58+00:00","14.3999996185"
"2019-05-04T09:14:58+00:00","14.3000001907"
"2019-05-04T09:15:58+00:00","13.5"
"2019-05-04T09:16:58+00:00","14.1999998093"
"2019-05-04T09:17:58+00:00","13.3000001907"
"2019-05-04T09:18:58+00:00","14.5"
"2019-05-04T09:19:58+00:00","13.3000001907"
"2019-05-04T09:20:58+00:00","13.5"
"2019-05-04T09:21:58+00:00","14"
"2019-05-04T09:22:58+00:00","14.3000001907"
"2019-05-04T09:23:58+00:00","15.8000001907"
"2019-05-04T09:24:58+00:00","13.3999996185"
"2019-05-04T09:25:58+00:00","13.6999998093"
"2019-05-04T09:26:58+00:00","15.8999996185"
"2019-05-04T09:27:58+00:00","13.8000001907"
"2019-05-04T09:28:58+00:00","13.3999996185"
"2019-05-04T09:29:58+00:00","13.3999996185"
"2019-05-04T09:30:58+00:00","14.1000003815"
"2019-05-04T09:31:58+00:00","14.1999998093"
"2019-05-04T09:32:58+00:00","12.8999996185"
"2019-05-04T09:33:58+00:00","14"
"2019-05-04T09:34:58+00:00","14.8000001907"
"2019-05-04T09:35:58+00:00","14.1000003815"
"2019-05-04T09:36:58+00:00","13.1999998093"
"2019-05-04T09:37:58+00:00","13.8999996185"
"2019-05-04T09:38:58+00:00","14"
"2019-05-04T09:39:58+00:00","13.5"
"2019-05-04T09:40:58+00:00","13.8999996185"
"2019-05-04T09:41:58+00:00","13.6999998093"
"2019-05-04T09:42:58+00:00","13.6999998093"
"2019-05-04T09:43:58+00:00","14.1000003815"
"2019-05-04T09:44:58+00:00","14.6000003815"
"2019-05-04T09:45:58+00:00","14.1000003815"
"2019-05-04T09:46:58+00:00","14.3000001907"
"2019-05-04T09:47:58+00:00","13.1000003815"
"2019-05-04T09:48:58+00:00","13.3999996185"
"2019-05-04T09:49:58+00:00","13.8999996185"
"2019-05-04T09:50:58+00:00","13.1000003815"
"2019-05-04T09:51:58+00:00","13.5"
"2019-05-04T09:52:58+00:00","13.3000001907"
"2019-05-04T09:53:58+00:00","13.5"
"2019-05-04T09:54:58+00:00","13.8999996185"
"2019-05-04T09:55:58+00:00","14.3999996185"
"2019-05-04T09:56:58+00:00","14.1000003815"
"2019-05-04T09:57:58+00:00","14.8000001907"
"2019-05-04T09:58:58+00:00","14.6000003815"
"2019-05-04T09:59:58+00:00","13.8000001907"
"2019-05-04T10:00:58+00:00","14"
"2019-05-04T10:01:58+00:00","13.8000001907"
"2019-05-04T10:02:58+00:00","13.6000003815"
"2019-05-04T10:03:58+00:00","14.3999996185"
"2019-05-04T10:04:58+00:00","14.6999998093"
"2019-05-04T10:05:58+00:00","14.1000003815"
"2019-05-04T10:06:58+00:00","13.6999998093"
"2019-05-04T10:07:58+00:00","14"
"2019-05-04T10:08:58+00:00","14"
"2019-05-04T10:09:58+00:00","14.1000003815"
"2019-05-04T10:10:58+00:00","17.7999992371"
"2019-05-04T10:11:58+00:00","13.8000001907"
"2019-05-04T10:12:58+00:00","14"
"2019-05-04T10:13:58+00:00","13.3999996185"
"2019-05-04T10:14:58+00:00","14.3999996185"
"2019-05-04T10:15:58+00:00","14"
"2019-05-04T10:16:58+00:00","14.5"
"2019-05-04T10:17:58+00:00","14.6000003815"
"2019-05-04T10:18:58+00:00","14.3999996185"
"2019-05-04T10:19:58+00:00","14.6000003815"
"2019-05-04T10:20:58+00:00","14.3999996185"
"2019-05-04T10:21:58+00:00","13.6000003815"
"2019-05-04T10:22:58+00:00","14.8000001907"
"2019-05-04T10:23:58+00:00","15.3000001907"
"2019-05-04T10:24:58+00:00","14.3000001907"
"2019-05-04T10:25:58+00:00","13.6999998093"
"2019-05-04T10:26:58+00:00","14.1000003815"
"2019-05-04T10:27:58+00:00","13.6000003815"
"2019-05-04T10:28:58+00:00","13.6000003815"
"2019-05-04T10:29:58+00:00","13.3999996185"
"2019-05-04T10:30:58+00:00","13.5"
"2019-05-04T10:31:58+00:00","13.1999998093"
"2019-05-04T10:32:58+00:00","13.6000003815"
"2019-05-04T10:33:58+00:00","13.8999996185"
"2019-05-04T10:34:58+00:00","13.8000001907"
"2019-05-04T10:35:58+00:00","14"
"2019-05-04T10:36:58+00:00","13.3999996185"
"2019-05-04T10:37:58+00:00","15.1000003815"
"2019-05-04T10:38:58+00:00","14.5"
"2019-05-04T10:39:58+00:00","14.3000001907"
"2019-05-04T10:40:58+00:00","14.1999998093"
"2019-05-04T10:41:58+00:00","14.3000001907"
"2019-05-04T10:42:58+00:00","14.1000003815"
"2019-05-04T10:43:58+00:00","13.6000003815"
"2019-05-04T10:44:58+00:00","13.1999998093"
"2019-05-04T10:45:58+00:00","14.5"
"2019-05-04T10:46:58+00:00","14.6999998093"
"2019-05-04T10:47:58+00:00","14.1999998093"
"2019-05-04T10:48:58+00:00","14.1000003815"
"2019-05-04T10:49:58+00:00","15.1000003815"
"2019-05-04T10:50:58+00:00","14.3999996185"
"2019-05-04T10:51:58+00:00","13.8999996185"
"2019-05-04T10:52:58+00:00","14.3000001907"
"2019-05-04T10:53:58+00:00","14.6999998093"
"2019-05-04T10:54:58+00:00","14.1999998093"
"2019-05-04T10:55:58+00:00","15"
"2019-05-04T10:56:58+00:00","14"
"2019-05-04T10:57:58+00:00","14.1999998093"
"2019-05-04T10:58:58+00:00","14.1000003815"
"2019-05-04T10:59:58+00:00","14.1999998093"
"2019-05-04T11:00:58+00:00","13.8999996185"
"2019-05-04T11:01:58+00:00","14.1999998093"
"2019-05-04T11:02:58+00:00","14.6999998093"
"2019-05-04T11:03:58+00:00","14.8999996185"
"2019-05-04T11:04:58+00:00","14.6000003815"
"2019-05-04T11:05:58+00:00","15.8999996185"
"2019-05-04T11:06:58+00:00","14.6000003815"
"2019-05-04T11:07:58+00:00","14.8000001907"
"2019-05-04T11:08:58+00:00","14.3000001907"
"2019-05-04T11:09:58+00:00","15.5"
"2019-05-04T11:10:58+00:00","14.1999998093"
"2019-05-04T11:11:58+00:00","14.5"
"2019-05-04T11:12:58+00:00","14.3000001907"
"2019-05-04T11:13:58+00:00","14.8999996185"
"2019-05-04T11:14:58+00:00","13.3999996185"
"2019-05-04T11:15:58+00:00","14.6000003815"
"2019-05-04T11:16:58+00:00","20.6000003815"
"2019-05-04T11:17:58+00:00","13.8999996185"
"2019-05-04T11:18:58+00:00","15.1000003815"
"2019-05-04T11:19:58+00:00","14.6000003815"
"2019-05-04T11:20:58+00:00","14.8999996185"
"2019-05-04T11:21:58+00:00","15.3000001907"
"2019-05-04T11:22:58+00:00","14.8000001907"
"2019-05-04T11:23:58+00:00","14.6000003815"
"2019-05-04T11:24:58+00:00","15.8000001907"
"2019-05-04T11:25:58+00:00","14.3999996185"
"2019-05-04T11:26:58+00:00","15"
"2019-05-04T11:27:58+00:00","15.6999998093"
"2019-05-04T11:28:58+00:00","15.6000003815"
"2019-05-04T11:29:58+00:00","15.6000003815"
"2019-05-04T11:30:58+00:00","15"
"2019-05-04T11:31:58+00:00","15.3999996185"
"2019-05-04T11:32:58+00:00","14.8999996185"
"2019-05-04T11:33:58+00:00","15.1000003815"
"2019-05-04T11:34:58+00:00","15.1000003815"
"2019-05-04T11:35:58+00:00","15.3000001907"
"2019-05-04T11:36:58+00:00","14.8000001907"
"2019-05-04T11:37:58+00:00","14.6999998093"
"2019-05-04T11:38:58+00:00","15.1000003815"
"2019-05-04T11:39:58+00:00","14.6999998093"
"2019-05-04T11:40:58+00:00","15.3000001907"
"2019-05-04T11:41:58+00:00","15.1000003815"
"2019-05-04T11:42:58+00:00","16.5"
"2019-05-04T11:43:58+00:00","15.6000003815"
"2019-05-04T11:44:58+00:00","15.3000001907"
"2019-05-04T11:45:58+00:00","15.3999996185"
"2019-05-04T11:46:58+00:00","16.2999992371"
"2019-05-04T11:47:58+00:00","15.1000003815"
"2019-05-04T11:48:58+00:00","15.3999996185"
"2019-05-04T11:49:58+00:00","15"
"2019-05-04T11:50:58+00:00","17.1000003815"
"2019-05-04T11:51:58+00:00","17.1000003815"
"2019-05-04T11:52:58+00:00","17.2999992371"
"2019-05-04T11:53:58+00:00","15.6999998093"
"2019-05-04T11:54:58+00:00","16.2000007629"
"2019-05-04T11:55:58+00:00","15.6000003815"
"2019-05-04T11:56:58+00:00","15.1000003815"
"2019-05-04T11:57:58+00:00","15.3000001907"
"2019-05-04T11:58:58+00:00","15.8999996185"
"2019-05-04T11:59:58+00:00","15.6000003815"
"2019-05-04T12:00:58+00:00","16.2000007629"
"2019-05-04T12:01:58+00:00","15.6000003815"
"2019-05-04T12:02:58+00:00","18.5"
"2019-05-04T12:03:58+00:00","44.0999984741"
"2019-05-04T12:04:58+00:00","42.9000015259"
"2019-05-04T12:05:56+00:00","70.1999969482"
"2019-05-04T12:06:56+00:00","56.0999984741"
"2019-05-04T12:07:56+00:00","29.7999992371"
"2019-05-04T12:08:56+00:00","24.5"
"2019-05-04T12:09:56+00:00","24.5"
"2019-05-04T12:10:56+00:00","19.7999992371"
"2019-05-04T12:11:56+00:00","17.7999992371"
"2019-05-04T12:13:00+00:00","17.5"
"2019-05-04T12:14:00+00:00","16.7999992371"
"2019-05-04T12:15:00+00:00","18.1000003815"
"2019-05-04T12:16:00+00:00","17.2000007629"
"2019-05-04T12:17:00+00:00","16.3999996185"
"2019-05-04T12:18:00+00:00","16.5"
"2019-05-04T12:19:00+00:00","16.2999992371"
"2019-05-04T12:20:00+00:00","16"
"2019-05-04T12:21:00+00:00","16.6000003815"
"2019-05-04T12:22:00+00:00","17.1000003815"
"2019-05-04T12:23:00+00:00","16.5"
"2019-05-04T12:24:00+00:00","19.5"
"2019-05-04T12:25:00+00:00","18.1000003815"
"2019-05-04T12:26:00+00:00","29"
"2019-05-04T12:27:00+00:00","18.1000003815"
"2019-05-04T12:28:00+00:00","18.8999996185"
"2019-05-04T12:29:00+00:00","18"
"2019-05-04T12:30:00+00:00","17.7000007629"
"2019-05-04T12:31:00+00:00","19.2000007629"
"2019-05-04T12:32:00+00:00","20.7000007629"
"2019-05-04T12:33:00+00:00","20.3999996185"
"2019-05-04T12:34:00+00:00","20.7999992371"
"2019-05-04T12:35:00+00:00","21.2000007629"
"2019-05-04T12:36:00+00:00","20.7000007629"
"2019-05-04T12:37:00+00:00","23.2000007629"
"2019-05-04T12:38:00+00:00","22.7999992371"
"2019-05-04T12:39:00+00:00","22"
"2019-05-04T12:40:00+00:00","21.8999996185"
"2019-05-04T12:41:00+00:00","19.7000007629"
"2019-05-04T12:42:00+00:00","19.2000007629"
"2019-05-04T12:43:00+00:00","17.5"
"2019-05-04T12:44:00+00:00","18.2999992371"
"2019-05-04T12:45:00+00:00","19.6000003815"
"2019-05-04T12:46:00+00:00","18"
"2019-05-04T12:47:00+00:00","18.8999996185"
"2019-05-04T12:48:00+00:00","18.7999992371"
"2019-05-04T12:49:00+00:00","21.2000007629"
"2019-05-04T12:50:00+00:00","22"
"2019-05-04T12:51:00+00:00","23.2999992371"
"2019-05-04T12:52:00+00:00","24"
"2019-05-04T12:53:00+00:00","23.3999996185"
"2019-05-04T12:54:00+00:00","23.1000003815"
"2019-05-04T12:55:00+00:00","22.7000007629"
"2019-05-04T12:56:00+00:00","21.7999992371"
"2019-05-04T12:57:00+00:00","20.3999996185"
"2019-05-04T12:58:00+00:00","20.6000003815"
"2019-05-04T12:59:00+00:00","21.2000007629"
"2019-05-04T13:00:00+00:00","20.8999996185"
"2019-05-04T13:01:00+00:00","20.5"
"2019-05-04T13:02:00+00:00","19.6000003815"
"2019-05-04T13:03:00+00:00","19.3999996185"
"2019-05-04T13:04:00+00:00","19.8999996185"
"2019-05-04T13:05:00+00:00","21.2000007629"
"2019-05-04T13:06:00+00:00","20.8999996185"
"2019-05-04T13:07:00+00:00","21.1000003815"
"2019-05-04T13:08:00+00:00","22.2999992371"
"2019-05-04T13:09:00+00:00","23.8999996185"
"2019-05-04T13:10:00+00:00","23.5"
"2019-05-04T13:11:00+00:00","23.2000007629"
"2019-05-04T13:12:00+00:00","22.8999996185"
"2019-05-04T13:13:00+00:00","22.8999996185"
"2019-05-04T13:14:00+00:00","23.1000003815"
"2019-05-04T13:15:00+00:00","22"
"2019-05-04T13:16:00+00:00","21.3999996185"
"2019-05-04T13:17:00+00:00","20.3999996185"
"2019-05-04T13:18:00+00:00","20.3999996185"
"2019-05-04T13:19:00+00:00","20.5"
"2019-05-04T13:20:00+00:00","20.8999996185"
"2019-05-04T13:21:00+00:00","20.2999992371"
"2019-05-04T13:22:00+00:00","19.7999992371"
"2019-05-04T13:23:00+00:00","20.5"
"2019-05-04T13:24:00+00:00","19.8999996185"
"2019-05-04T13:25:00+00:00","20"
"2019-05-04T13:26:00+00:00","19.2999992371"
"2019-05-04T13:27:00+00:00","17.1000003815"
"2019-05-04T13:28:00+00:00","18.7999992371"
"2019-05-04T13:29:00+00:00","18.2000007629"
"2019-05-04T13:30:00+00:00","13.1999998093"
"2019-05-04T13:31:00+00:00","18.5"
"2019-05-04T13:32:00+00:00","11.5"
"2019-05-04T13:33:00+00:00","255.399993896"
"2019-05-04T13:34:00+00:00","19.7000007629"
"2019-05-04T13:35:00+00:00","9.30000019073"
"2019-05-04T13:36:00+00:00","9.89999961853"
"2019-05-04T13:37:00+00:00","11"
"2019-05-04T13:38:00+00:00","11.5"
"2019-05-04T13:39:00+00:00","23.3999996185"
"2019-05-04T13:40:00+00:00","9.80000019073"
"2019-05-04T13:41:00+00:00","9.89999961853"
"2019-05-04T13:42:00+00:00","9.19999980927"
"2019-05-04T13:43:00+00:00","9.30000019073"
"2019-05-04T13:44:00+00:00","9"
"2019-05-04T13:45:00+00:00","9"
"2019-05-04T13:46:00+00:00","8.69999980927"
"2019-05-04T13:47:00+00:00","8.5"
"2019-05-04T13:48:00+00:00","8.39999961853"
"2019-05-04T13:49:00+00:00","8.10000038147"
"2019-05-04T13:50:00+00:00","8.30000019073"
"2019-05-04T13:51:00+00:00","8.39999961853"
"2019-05-04T13:52:00+00:00","8.30000019073"
"2019-05-04T13:53:00+00:00","10.3999996185"
"2019-05-04T13:54:00+00:00","95.1999969482"
"2019-05-04T13:55:00+00:00","8.19999980927"
"2019-05-04T13:56:00+00:00","8.19999980927"
"2019-05-04T13:57:00+00:00","9"
"2019-05-04T13:58:00+00:00","10.1999998093"
"2019-05-04T13:59:00+00:00","9"
"2019-05-04T14:00:00+00:00","9.10000038147"
"2019-05-04T14:01:00+00:00","8.10000038147"
"2019-05-04T14:02:00+00:00","8.80000019073"
"2019-05-04T14:03:00+00:00","8.69999980927"
"2019-05-04T14:04:00+00:00","8.39999961853"
"2019-05-04T14:11:00+00:00","9.89999961853"
"2019-05-04T14:12:00+00:00","11.3000001907"
"2019-05-04T14:13:00+00:00","11.8999996185"
"2019-05-04T14:14:00+00:00","12.3000001907"
"2019-05-04T14:15:00+00:00","11"
"2019-05-04T14:16:00+00:00","11"
"2019-05-04T14:17:00+00:00","10.6000003815"
"2019-05-04T14:18:00+00:00","10.8999996185"
"2019-05-04T14:19:00+00:00","10.6999998093"
"2019-05-04T14:20:00+00:00","10.3999996185"
"2019-05-04T14:21:00+00:00","11.1999998093"
"2019-05-04T14:22:00+00:00","10.3000001907"
"2019-05-04T14:23:00+00:00","10.5"
"2019-05-04T14:24:00+00:00","10.5"
"2019-05-04T14:25:00+00:00","9.60000038147"
"2019-05-04T14:26:00+00:00","9.69999980927"
"2019-05-04T14:27:00+00:00","8.60000038147"
"2019-05-04T14:28:00+00:00","9.5"
"2019-05-04T14:29:00+00:00","9.60000038147"
"2019-05-04T14:30:00+00:00","10.3000001907"
"2019-05-04T14:31:00+00:00","10.1000003815"
"2019-05-04T14:32:00+00:00","10.5"
"2019-05-04T14:33:00+00:00","10.6999998093"
"2019-05-04T14:34:00+00:00","11.6999998093"
"2019-05-04T14:35:00+00:00","11.3000001907"
"2019-05-04T14:36:00+00:00","12"
"2019-05-04T14:37:00+00:00","11.6000003815"
"2019-05-04T14:38:00+00:00","11.6999998093"
"2019-05-04T14:39:00+00:00","10.6000003815"
"2019-05-04T14:40:00+00:00","11"
"2019-05-04T14:41:00+00:00","11.6999998093"
"2019-05-04T14:42:00+00:00","11"
"2019-05-04T14:43:00+00:00","10.6999998093"
"2019-05-04T14:44:00+00:00","11.1999998093"
"2019-05-04T14:45:00+00:00","9.89999961853"
"2019-05-04T14:46:00+00:00","10.1999998093"
"2019-05-04T14:47:00+00:00","10.1999998093"
"2019-05-04T14:48:00+00:00","10.3999996185"
"2019-05-04T14:49:00+00:00","11.1000003815"
"2019-05-04T14:50:00+00:00","11"
"2019-05-04T14:51:00+00:00","11.3000001907"
"2019-05-04T14:52:00+00:00","11"
"2019-05-04T14:53:00+00:00","11"
"2019-05-04T14:54:00+00:00","10.8999996185"
"2019-05-04T14:55:00+00:00","11.1999998093"
"2019-05-04T14:56:00+00:00","11"
"2019-05-04T14:57:00+00:00","10.3999996185"
"2019-05-04T14:58:00+00:00","11.1000003815"
"2019-05-04T14:59:00+00:00","9.69999980927"
"2019-05-04T15:00:00+00:00","11.3999996185"
"2019-05-04T15:01:00+00:00","11"
"2019-05-04T15:02:00+00:00","11.3000001907"
"2019-05-04T15:03:00+00:00","10.8999996185"
"2019-05-04T15:04:00+00:00","10"
"2019-05-04T15:05:00+00:00","10.8999996185"
"2019-05-04T15:06:00+00:00","11.3000001907"
"2019-05-04T15:07:00+00:00","10.8999996185"
"2019-05-04T15:08:00+00:00","10.3000001907"
"2019-05-04T15:09:00+00:00","9.69999980927"
"2019-05-04T15:10:00+00:00","10"
"2019-05-04T15:11:00+00:00","10.3999996185"
"2019-05-04T15:12:00+00:00","10.1999998093"
"2019-05-04T15:13:00+00:00","10.5"
"2019-05-04T15:14:00+00:00","10.6999998093"
"2019-05-04T15:15:00+00:00","10.5"
"2019-05-04T15:16:00+00:00","11.3999996185"
"2019-05-04T15:17:00+00:00","9.80000019073"
"2019-05-04T15:18:00+00:00","10.3000001907"
"2019-05-04T15:19:00+00:00","9.89999961853"
"2019-05-04T15:20:00+00:00","10.3999996185"
"2019-05-04T15:21:00+00:00","10.1000003815"
"2019-05-04T15:22:00+00:00","10.1000003815"
"2019-05-04T15:23:00+00:00","10"
"2019-05-04T15:24:00+00:00","10.5"
"2019-05-04T15:25:00+00:00","10"
"2019-05-04T15:26:00+00:00","9.60000038147"
"2019-05-04T15:27:00+00:00","10"
"2019-05-04T15:28:00+00:00","10.1000003815"
"2019-05-04T15:29:00+00:00","9.60000038147"
"2019-05-04T15:30:00+00:00","10.8999996185"
"2019-05-04T15:31:00+00:00","10.3999996185"
"2019-05-04T15:32:00+00:00","10.1999998093"
"2019-05-04T15:33:00+00:00","11.3999996185"
"2019-05-04T15:34:00+00:00","11"
"2019-05-04T15:35:00+00:00","11.1999998093"
"2019-05-04T15:36:00+00:00","11.6000003815"
"2019-05-04T15:37:00+00:00","11.6000003815"
"2019-05-04T15:38:00+00:00","11.8000001907"
"2019-05-04T15:39:00+00:00","11.8000001907"
"2019-05-04T15:40:00+00:00","11.1999998093"
"2019-05-04T15:41:00+00:00","11.1999998093"
"2019-05-04T15:42:00+00:00","12.3000001907"
"2019-05-04T15:43:00+00:00","11.8999996185"
"2019-05-04T15:44:00+00:00","12.1000003815"
"2019-05-04T15:45:00+00:00","11"
"2019-05-04T15:46:00+00:00","11.1999998093"
"2019-05-04T15:47:00+00:00","11.3999996185"
"2019-05-04T15:48:00+00:00","11.1999998093"
"2019-05-04T15:49:00+00:00","11.8999996185"
"2019-05-04T15:50:00+00:00","12.1000003815"
"2019-05-04T15:51:00+00:00","12"
"2019-05-04T15:52:00+00:00","11.8999996185"
"2019-05-04T15:53:00+00:00","11.8999996185"
"2019-05-04T15:54:00+00:00","12.8000001907"
"2019-05-04T15:55:00+00:00","12.1000003815"
"2019-05-04T15:56:00+00:00","11.6999998093"
"2019-05-04T15:57:00+00:00","12.6000003815"
"2019-05-04T15:58:00+00:00","12.3000001907"
"2019-05-04T15:59:00+00:00","12"
"2019-05-04T16:00:00+00:00","12.1000003815"
"2019-05-04T16:01:00+00:00","12.5"
"2019-05-04T16:02:00+00:00","11.6000003815"
"2019-05-04T16:03:00+00:00","11.3000001907"
"2019-05-04T16:04:00+00:00","12"
"2019-05-04T16:05:00+00:00","11.8999996185"
"2019-05-04T16:06:00+00:00","11.3000001907"
"2019-05-04T16:07:00+00:00","11.3999996185"
"2019-05-04T16:08:00+00:00","11.3000001907"
"2019-05-04T16:09:00+00:00","12.1000003815"
"2019-05-04T16:10:00+00:00","11.6000003815"
"2019-05-04T16:11:00+00:00","12"
"2019-05-04T16:12:00+00:00","12.8000001907"
"2019-05-04T16:13:00+00:00","12"
"2019-05-04T16:14:00+00:00","11.6000003815"
"2019-05-04T16:15:00+00:00","12"
"2019-05-04T16:16:00+00:00","11.3999996185"
"2019-05-04T16:17:00+00:00","11.5"
"2019-05-04T16:18:00+00:00","11.6000003815"
"2019-05-04T16:19:00+00:00","11.1000003815"
"2019-05-04T16:20:00+00:00","12.3000001907"
"2019-05-04T16:21:00+00:00","11.6000003815"
"2019-05-04T16:22:00+00:00","11.8000001907"
"2019-05-04T16:23:00+00:00","12.6000003815"
"2019-05-04T16:24:00+00:00","12"
"2019-05-04T16:25:00+00:00","12.8000001907"
"2019-05-04T16:26:00+00:00","12.1999998093"
"2019-05-04T16:27:00+00:00","12.3999996185"
"2019-05-04T16:28:00+00:00","12.8000001907"
"2019-05-04T16:29:00+00:00","12.1999998093"
"2019-05-04T16:30:00+00:00","13"
"2019-05-04T16:31:00+00:00","12.1000003815"
"2019-05-04T16:32:00+00:00","11.1000003815"
"2019-05-04T16:33:00+00:00","12.1999998093"
"2019-05-04T16:34:00+00:00","12.6000003815"
"2019-05-04T16:35:00+00:00","12.1000003815"
"2019-05-04T16:36:00+00:00","12.6999998093"
"2019-05-04T16:37:00+00:00","12.6000003815"
"2019-05-04T16:38:00+00:00","12"
"2019-05-04T16:39:00+00:00","12.1000003815"
"2019-05-04T16:40:00+00:00","12.5"
"2019-05-04T16:41:00+00:00","12.6000003815"
"2019-05-04T16:42:00+00:00","13.5"
"2019-05-04T16:43:00+00:00","15.3999996185"
"2019-05-04T16:44:00+00:00","12.6999998093"
"2019-05-04T16:45:00+00:00","12.6000003815"
"2019-05-04T16:46:00+00:00","12.3000001907"
"2019-05-04T16:47:00+00:00","13"
"2019-05-04T16:48:00+00:00","12.3999996185"
"2019-05-04T16:49:00+00:00","12.1000003815"
"2019-05-04T16:50:00+00:00","12.6000003815"
"2019-05-04T16:51:00+00:00","12.3000001907"
"2019-05-04T16:52:00+00:00","12.3000001907"
"2019-05-04T16:53:00+00:00","12"
"2019-05-04T16:54:00+00:00","12.3999996185"
"2019-05-04T16:55:00+00:00","11.6999998093"
"2019-05-04T16:56:00+00:00","12"
"2019-05-04T16:57:00+00:00","12.8000001907"
"2019-05-04T16:58:00+00:00","13"
"2019-05-04T16:59:00+00:00","11.8000001907"
"2019-05-04T17:00:00+00:00","12.3999996185"
"2019-05-04T17:01:00+00:00","11.8999996185"
"2019-05-04T17:02:00+00:00","12.1000003815"
"2019-05-04T17:03:00+00:00","12.6000003815"
"2019-05-04T17:04:00+00:00","13.8000001907"
"2019-05-04T17:05:00+00:00","13.1999998093"
"2019-05-04T17:06:00+00:00","13.3000001907"
"2019-05-04T17:07:00+00:00","12.3000001907"
"2019-05-04T17:08:00+00:00","12.5"
"2019-05-04T17:09:00+00:00","12.6999998093"
"2019-05-04T17:10:00+00:00","11.6999998093"
"2019-05-04T17:11:00+00:00","12.3000001907"
"2019-05-04T17:12:00+00:00","12.3000001907"
"2019-05-04T17:13:00+00:00","12.6999998093"
"2019-05-04T17:14:00+00:00","12.6000003815"
"2019-05-04T17:15:00+00:00","12.1000003815"
"2019-05-04T17:16:00+00:00","12.3999996185"
"2019-05-04T17:17:00+00:00","12.1000003815"
"2019-05-04T17:18:00+00:00","12.1000003815"
"2019-05-04T17:19:00+00:00","12.6999998093"
"2019-05-04T17:20:00+00:00","12.3000001907"
"2019-05-04T17:21:00+00:00","12.6999998093"
"2019-05-04T17:22:00+00:00","13.1000003815"
"2019-05-04T17:23:00+00:00","12.6999998093"
"2019-05-04T17:24:00+00:00","12.6999998093"
"2019-05-04T17:25:00+00:00","13"
"2019-05-04T17:26:00+00:00","12.3000001907"
"2019-05-04T17:27:00+00:00","12.6000003815"
"2019-05-04T17:28:00+00:00","13.3000001907"
"2019-05-04T17:29:00+00:00","11.8999996185"
"2019-05-04T17:30:00+00:00","12.1999998093"
"2019-05-04T17:31:00+00:00","12.8000001907"
"2019-05-04T17:32:00+00:00","12"
"2019-05-04T17:33:00+00:00","12"
"2019-05-04T17:34:00+00:00","12"
"2019-05-04T17:35:00+00:00","13"
"2019-05-04T17:36:00+00:00","13"
"2019-05-04T17:37:00+00:00","12.1000003815"
"2019-05-04T17:38:00+00:00","12.8000001907"
"2019-05-04T17:39:00+00:00","13"
"2019-05-04T17:40:00+00:00","12.6000003815"
"2019-05-04T17:41:00+00:00","12.3000001907"
"2019-05-04T17:42:00+00:00","11.8999996185"
"2019-05-04T17:43:00+00:00","12.8000001907"
"2019-05-04T17:44:00+00:00","13.1999998093"
"2019-05-04T17:45:00+00:00","12.3999996185"
"2019-05-04T17:46:00+00:00","12.1000003815"
"2019-05-04T17:47:00+00:00","12.6999998093"
"2019-05-04T17:48:00+00:00","12.8999996185"
"2019-05-04T17:49:00+00:00","12.1999998093"
"2019-05-04T17:50:00+00:00","12.6999998093"
"2019-05-04T17:51:00+00:00","12.5"
"2019-05-04T17:52:00+00:00","13.3000001907"
"2019-05-04T17:53:00+00:00","13.3000001907"
"2019-05-04T17:54:00+00:00","13"
"2019-05-04T17:55:00+00:00","12.1999998093"
"2019-05-04T17:56:00+00:00","12.1999998093"
"2019-05-04T17:57:00+00:00","12.3999996185"
"2019-05-04T17:58:00+00:00","11.8000001907"
"2019-05-04T17:59:00+00:00","12.6000003815"
"2019-05-04T18:00:00+00:00","13.1000003815"
"2019-05-04T18:01:00+00:00","13"
"2019-05-04T18:02:00+00:00","12.8999996185"
"2019-05-04T18:03:00+00:00","13"
"2019-05-04T18:04:00+00:00","12.6000003815"
"2019-05-04T18:05:00+00:00","12.5"
"2019-05-04T18:05:58+00:00","12.6000003815"
"2019-05-04T18:06:58+00:00","12.5"
"2019-05-04T18:07:58+00:00","12.5"
"2019-05-04T18:08:58+00:00","12.6000003815"
"2019-05-04T18:09:58+00:00","12.8999996185"
"2019-05-04T18:10:58+00:00","12.1999998093"
"2019-05-04T18:11:58+00:00","13.1000003815"
"2019-05-04T18:12:58+00:00","13.1000003815"
"2019-05-04T18:13:58+00:00","12.6999998093"
"2019-05-04T18:14:58+00:00","13"
"2019-05-04T18:15:58+00:00","13"
"2019-05-04T18:16:58+00:00","12.8999996185"
"2019-05-04T18:17:58+00:00","13.1999998093"
"2019-05-04T18:18:58+00:00","13.1000003815"
"2019-05-04T18:19:58+00:00","13.1000003815"
"2019-05-04T18:20:58+00:00","12.3999996185"
"2019-05-04T18:21:58+00:00","12.3000001907"
"2019-05-04T18:22:58+00:00","12.3999996185"
"2019-05-04T18:23:58+00:00","12.6000003815"
"2019-05-04T18:24:58+00:00","12.6999998093"
"2019-05-04T18:25:58+00:00","12.6000003815"
"2019-05-04T18:26:58+00:00","13.3000001907"
"2019-05-04T18:27:58+00:00","12.5"
"2019-05-04T18:28:58+00:00","12.6999998093"
"2019-05-04T18:29:58+00:00","12.6000003815"
"2019-05-04T18:30:58+00:00","13.3999996185"
"2019-05-04T18:31:58+00:00","13.1000003815"
"2019-05-04T18:32:58+00:00","13.3000001907"
"2019-05-04T18:33:58+00:00","13.3000001907"
"2019-05-04T18:34:58+00:00","12.8000001907"
"2019-05-04T18:35:58+00:00","12.8000001907"
"2019-05-04T18:36:58+00:00","13.1000003815"
"2019-05-04T18:37:58+00:00","12.1999998093"
"2019-05-04T18:38:58+00:00","12.6999998093"
"2019-05-04T18:39:58+00:00","12.6000003815"
"2019-05-04T18:40:58+00:00","13.3999996185"
"2019-05-04T18:46:58+00:00","13.1000003815"
"2019-05-04T18:47:58+00:00","13.1000003815"
"2019-05-04T18:48:58+00:00","12.6999998093"
"2019-05-04T18:49:58+00:00","13"
"2019-05-04T18:50:58+00:00","13.3999996185"
"2019-05-04T18:51:58+00:00","13.1999998093"
"2019-05-04T18:52:58+00:00","12.8999996185"
"2019-05-04T18:53:58+00:00","12.8999996185"
"2019-05-04T18:54:58+00:00","13.5"
"2019-05-04T18:55:58+00:00","13.5"
"2019-05-04T18:56:58+00:00","13.6000003815"
"2019-05-04T18:57:58+00:00","12.8000001907"
"2019-05-04T18:58:58+00:00","12.6000003815"
"2019-05-04T18:59:58+00:00","13.8999996185"
"2019-05-04T19:00:58+00:00","12.6000003815"
"2019-05-04T19:01:58+00:00","13"
"2019-05-04T19:02:58+00:00","12.8999996185"
"2019-05-04T19:03:58+00:00","13"
"2019-05-04T19:04:58+00:00","13.8999996185"
"2019-05-04T19:05:58+00:00","13.1000003815"
"2019-05-04T19:06:58+00:00","14"
"2019-05-04T19:07:58+00:00","13.6999998093"
"2019-05-04T19:08:58+00:00","13.6000003815"
"2019-05-04T19:09:58+00:00","14.3000001907"
"2019-05-04T19:10:58+00:00","14.8000001907"
"2019-05-04T19:11:58+00:00","14"
"2019-05-04T19:12:58+00:00","14.3999996185"
"2019-05-04T19:13:58+00:00","14.3999996185"
"2019-05-04T19:14:58+00:00","14"
"2019-05-04T19:15:58+00:00","14"
"2019-05-04T19:16:58+00:00","14.1999998093"
"2019-05-04T19:17:58+00:00","15"
"2019-05-04T19:18:58+00:00","14.3000001907"
"2019-05-04T19:19:58+00:00","14.8999996185"
"2019-05-04T19:20:58+00:00","14.8000001907"
"2019-05-04T19:21:58+00:00","14"
"2019-05-04T19:22:58+00:00","15.1000003815"
"2019-05-04T19:23:58+00:00","15.3000001907"
"2019-05-04T19:24:58+00:00","15"
"2019-05-04T19:25:58+00:00","14.5"
"2019-05-04T19:26:58+00:00","14.5"
"2019-05-04T19:27:58+00:00","14.1999998093"
"2019-05-04T19:28:58+00:00","13.6000003815"
"2019-05-04T19:29:58+00:00","14.1999998093"
"2019-05-04T19:30:58+00:00","12.8999996185"
"2019-05-04T19:31:58+00:00","13.8000001907"
"2019-05-04T19:32:58+00:00","13.6999998093"
"2019-05-04T19:33:58+00:00","13.6999998093"
"2019-05-04T19:34:58+00:00","14"
"2019-05-04T19:35:58+00:00","14"
"2019-05-04T19:36:58+00:00","13.8999996185"
"2019-05-04T19:37:58+00:00","14"
"2019-05-04T19:38:58+00:00","13.6999998093"
"2019-05-04T19:39:58+00:00","14.5"
"2019-05-04T19:40:58+00:00","13.6999998093"
"2019-05-04T19:41:58+00:00","14.3999996185"
"2019-05-04T19:42:58+00:00","13.8000001907"
"2019-05-04T19:43:58+00:00","14.6000003815"
"2019-05-04T19:44:58+00:00","13.8000001907"
"2019-05-04T19:45:58+00:00","14.3000001907"
"2019-05-04T19:46:58+00:00","14.3999996185"
"2019-05-04T19:47:58+00:00","14.3999996185"
"2019-05-04T19:48:58+00:00","14.8000001907"
"2019-05-04T19:49:58+00:00","15.5"
"2019-05-04T19:50:58+00:00","15.1999998093"
"2019-05-04T19:51:58+00:00","14.3000001907"
"2019-05-04T19:52:58+00:00","14.6999998093"
"2019-05-04T19:53:58+00:00","14.5"
"2019-05-04T19:54:58+00:00","15.1000003815"
"2019-05-04T19:55:58+00:00","15.1000003815"
"2019-05-04T19:56:58+00:00","14.3999996185"
"2019-05-04T19:57:58+00:00","14.5"
"2019-05-04T19:58:58+00:00","15.1000003815"
"2019-05-04T19:59:58+00:00","14.5"
"2019-05-04T20:00:58+00:00","14.6000003815"
"2019-05-04T20:01:58+00:00","14.8000001907"
"2019-05-04T20:02:58+00:00","14.6000003815"
"2019-05-04T20:03:58+00:00","14.5"
"2019-05-04T20:04:58+00:00","15.3000001907"
"2019-05-04T20:05:58+00:00","14"
"2019-05-04T20:06:58+00:00","15.3999996185"
"2019-05-04T20:07:58+00:00","14.3000001907"
"2019-05-04T20:08:58+00:00","15.1000003815"
"2019-05-04T20:09:58+00:00","14.5"
"2019-05-04T20:10:58+00:00","15.1999998093"
"2019-05-04T20:11:58+00:00","14.1000003815"
"2019-05-04T20:12:58+00:00","14.1000003815"
"2019-05-04T20:13:58+00:00","14.5"
"2019-05-04T20:14:58+00:00","14.8000001907"
"2019-05-04T20:15:58+00:00","14.6000003815"
"2019-05-04T20:16:58+00:00","14.6000003815"
"2019-05-04T20:17:58+00:00","14.6999998093"
"2019-05-04T20:18:58+00:00","14.3999996185"
"2019-05-04T20:19:58+00:00","14.3999996185"
"2019-05-04T20:20:58+00:00","15.3000001907"
"2019-05-04T20:21:58+00:00","15"
"2019-05-04T20:22:58+00:00","13.8999996185"
"2019-05-04T20:23:58+00:00","14.3000001907"
"2019-05-04T20:24:58+00:00","14"
"2019-05-04T20:25:58+00:00","14.8999996185"
"2019-05-04T20:26:58+00:00","14.1000003815"
"2019-05-04T20:27:58+00:00","14.6999998093"
"2019-05-04T20:28:58+00:00","16"
"2019-05-04T20:29:58+00:00","14.6999998093"
"2019-05-04T20:30:58+00:00","14.3000001907"
"2019-05-04T20:31:58+00:00","15.6000003815"
"2019-05-04T20:32:58+00:00","15"
"2019-05-04T20:33:58+00:00","14.6999998093"
"2019-05-04T20:34:58+00:00","15.1000003815"
"2019-05-04T20:35:58+00:00","15"
"2019-05-04T20:36:58+00:00","14.6999998093"
"2019-05-04T20:37:58+00:00","14.6999998093"
"2019-05-04T20:38:58+00:00","15"
"2019-05-04T20:39:58+00:00","14.6999998093"
"2019-05-04T20:40:58+00:00","14.6999998093"
"2019-05-04T20:41:58+00:00","14.6000003815"
"2019-05-04T20:42:58+00:00","14.6999998093"
"2019-05-04T20:43:58+00:00","15.1000003815"
"2019-05-04T20:44:58+00:00","15.5"
"2019-05-04T20:45:58+00:00","14.3000001907"
"2019-05-04T20:46:58+00:00","14.8999996185"
"2019-05-04T20:47:58+00:00","14.3000001907"
"2019-05-04T20:48:58+00:00","16.1000003815"
"2019-05-04T20:49:58+00:00","13.8999996185"
"2019-05-04T20:50:58+00:00","14.3999996185"
"2019-05-04T20:51:58+00:00","14.3000001907"
"2019-05-04T20:52:58+00:00","15"
"2019-05-04T20:53:58+00:00","14.5"
"2019-05-04T20:54:58+00:00","14.6999998093"
"2019-05-04T20:55:58+00:00","14.6999998093"
"2019-05-04T20:56:58+00:00","15.3000001907"
"2019-05-04T20:57:58+00:00","14.8000001907"
"2019-05-04T20:58:58+00:00","14.8000001907"
"2019-05-04T20:59:58+00:00","15.6999998093"
"2019-05-04T21:00:58+00:00","15.6999998093"
"2019-05-04T21:01:58+00:00","15.8000001907"
"2019-05-04T21:02:58+00:00","15.8999996185"
"2019-05-04T21:03:58+00:00","15.6999998093"
"2019-05-04T21:04:58+00:00","16.2000007629"
"2019-05-04T21:05:58+00:00","16.2999992371"
"2019-05-04T21:06:58+00:00","17.1000003815"
"2019-05-04T21:07:58+00:00","16.6000003815"
"2019-05-04T21:08:58+00:00","16.7999992371"
"2019-05-04T21:09:58+00:00","16.3999996185"
"2019-05-04T21:10:58+00:00","17.3999996185"
"2019-05-04T21:11:58+00:00","17.2000007629"
"2019-05-04T21:12:58+00:00","17.6000003815"
"2019-05-04T21:13:58+00:00","16.7999992371"
"2019-05-04T21:14:58+00:00","16.7000007629"
"2019-05-04T21:15:58+00:00","17.2999992371"
"2019-05-04T21:16:58+00:00","17.2999992371"
"2019-05-04T21:17:58+00:00","16.3999996185"
"2019-05-04T21:18:58+00:00","16.7999992371"
"2019-05-04T21:19:58+00:00","16"
"2019-05-04T21:20:58+00:00","16.8999996185"
"2019-05-04T21:21:58+00:00","16.7000007629"
"2019-05-04T21:22:58+00:00","16.6000003815"
"2019-05-04T21:23:58+00:00","18.2000007629"
"2019-05-04T21:24:58+00:00","17.3999996185"
"2019-05-04T21:25:58+00:00","16.8999996185"
"2019-05-04T21:26:58+00:00","17.2000007629"
"2019-05-04T21:27:58+00:00","17.6000003815"
"2019-05-04T21:28:58+00:00","18.1000003815"
"2019-05-04T21:29:58+00:00","17.2000007629"
"2019-05-04T21:30:58+00:00","16.7000007629"
"2019-05-04T21:31:58+00:00","17.5"
"2019-05-04T21:32:58+00:00","16.8999996185"
"2019-05-04T21:33:58+00:00","18.1000003815"
"2019-05-04T21:34:58+00:00","17.3999996185"
"2019-05-04T21:35:58+00:00","17.2000007629"
"2019-05-04T21:36:58+00:00","16.8999996185"
"2019-05-04T21:37:58+00:00","17.1000003815"
"2019-05-04T21:38:58+00:00","17.7999992371"
"2019-05-04T21:39:58+00:00","17.3999996185"
"2019-05-04T21:40:58+00:00","17"
"2019-05-04T21:41:58+00:00","16.1000003815"
"2019-05-04T21:42:58+00:00","16.8999996185"
"2019-05-04T21:43:58+00:00","16.6000003815"
"2019-05-04T21:44:58+00:00","17.5"
"2019-05-04T21:45:58+00:00","18.1000003815"
"2019-05-04T21:46:58+00:00","17.5"
"2019-05-04T21:47:58+00:00","18.6000003815"
"2019-05-04T21:48:58+00:00","17.5"
"2019-05-04T21:49:58+00:00","18.2999992371"
"2019-05-04T21:50:58+00:00","18.7999992371"
"2019-05-04T21:51:58+00:00","18"
"2019-05-04T21:52:58+00:00","18"
"2019-05-04T21:53:58+00:00","18.5"
"2019-05-04T21:54:58+00:00","17.8999996185"
"2019-05-04T21:55:58+00:00","16.3999996185"
"2019-05-04T21:56:58+00:00","15.6999998093"
"2019-05-04T21:57:58+00:00","17.5"
"2019-05-04T21:58:58+00:00","17.2000007629"
"2019-05-04T21:59:58+00:00","16.6000003815"
"2019-05-04T22:00:58+00:00","17.8999996185"
"2019-05-04T22:01:58+00:00","17.3999996185"
"2019-05-04T22:02:58+00:00","17.5"
"2019-05-04T22:03:58+00:00","17.2000007629"
"2019-05-04T22:04:58+00:00","17.6000003815"
"2019-05-04T22:05:58+00:00","17.6000003815"
"2019-05-04T22:06:58+00:00","17.1000003815"
"2019-05-04T22:07:58+00:00","18"
"2019-05-04T22:08:58+00:00","16.5"
"2019-05-04T22:09:58+00:00","16.8999996185"
"2019-05-04T22:10:58+00:00","16.5"
"2019-05-04T22:11:58+00:00","16.5"
"2019-05-04T22:12:58+00:00","16.5"
"2019-05-04T22:13:58+00:00","16.2000007629"
"2019-05-04T22:14:58+00:00","16.7000007629"
"2019-05-04T22:15:58+00:00","16.6000003815"
"2019-05-04T22:16:58+00:00","16.8999996185"
"2019-05-04T22:17:58+00:00","17"
"2019-05-04T22:18:58+00:00","17.2000007629"
"2019-05-04T22:19:58+00:00","17.3999996185"
"2019-05-04T22:20:58+00:00","16.2999992371"
"2019-05-04T22:21:58+00:00","17.2000007629"
"2019-05-04T22:22:58+00:00","17.3999996185"
"2019-05-04T22:23:58+00:00","17.6000003815"
"2019-05-04T22:24:58+00:00","17.5"
"2019-05-04T22:25:58+00:00","17.2000007629"
"2019-05-04T22:26:58+00:00","17"
"2019-05-04T22:27:58+00:00","17.2000007629"
"2019-05-04T22:28:58+00:00","17.5"
"2019-05-04T22:29:58+00:00","17.7000007629"
"2019-05-04T22:30:58+00:00","17.2999992371"
"2019-05-04T22:31:58+00:00","17.7999992371"
"2019-05-04T22:32:58+00:00","17.7000007629"
"2019-05-04T22:33:58+00:00","17.1000003815"
"2019-05-04T22:34:58+00:00","18"
"2019-05-04T22:35:58+00:00","17.5"
"2019-05-04T22:36:58+00:00","17.8999996185"
"2019-05-04T22:37:58+00:00","17.7000007629"
"2019-05-04T22:38:58+00:00","17.7999992371"
"2019-05-04T22:39:58+00:00","18.7000007629"
"2019-05-04T22:40:58+00:00","17.8999996185"
"2019-05-04T22:41:58+00:00","17.5"
"2019-05-04T22:42:58+00:00","17.8999996185"
"2019-05-04T22:43:58+00:00","18"
"2019-05-04T22:44:58+00:00","17.2999992371"
"2019-05-04T22:45:58+00:00","17.6000003815"
"2019-05-04T22:46:58+00:00","17.7999992371"
"2019-05-04T22:47:58+00:00","18.8999996185"
"2019-05-04T22:48:58+00:00","18.1000003815"
"2019-05-04T22:49:58+00:00","18.1000003815"
"2019-05-04T22:50:58+00:00","18.1000003815"
"2019-05-04T22:51:58+00:00","17.7000007629"
"2019-05-04T22:52:58+00:00","18.5"
"2019-05-04T22:53:58+00:00","19.3999996185"
"2019-05-04T22:54:58+00:00","18.3999996185"
"2019-05-04T22:55:58+00:00","18.7999992371"
"2019-05-04T22:56:58+00:00","18.8999996185"
"2019-05-04T22:57:58+00:00","18.7000007629"
"2019-05-04T22:58:58+00:00","18.3999996185"
"2019-05-04T22:59:58+00:00","19.6000003815"
"2019-05-04T23:00:58+00:00","18.7999992371"
"2019-05-04T23:01:58+00:00","18.7000007629"
"2019-05-04T23:02:58+00:00","19.2999992371"
"2019-05-04T23:03:58+00:00","19.2999992371"
"2019-05-04T23:04:58+00:00","18.7999992371"
"2019-05-04T23:05:58+00:00","18.8999996185"
"2019-05-04T23:06:58+00:00","18.2999992371"
"2019-05-04T23:07:58+00:00","18.7000007629"
"2019-05-04T23:08:58+00:00","18.2999992371"
"2019-05-04T23:09:58+00:00","19.1000003815"
"2019-05-04T23:10:58+00:00","18.7999992371"
"2019-05-04T23:11:58+00:00","18.8999996185"
"2019-05-04T23:12:58+00:00","18.8999996185"
"2019-05-04T23:13:58+00:00","18.2999992371"
"2019-05-04T23:14:58+00:00","17.5"
"2019-05-04T23:15:58+00:00","15.1999998093"
"2019-05-04T23:16:58+00:00","15.8000001907"
"2019-05-04T23:17:58+00:00","15.8999996185"
"2019-05-04T23:18:58+00:00","16.1000003815"
"2019-05-04T23:19:58+00:00","17.2000007629"
"2019-05-04T23:20:58+00:00","21.2999992371"
"2019-05-04T23:21:58+00:00","22.2000007629"
"2019-05-04T23:22:58+00:00","17.3999996185"
"2019-05-04T23:23:58+00:00","15.3000001907"
"2019-05-04T23:24:58+00:00","14.5"
"2019-05-04T23:25:58+00:00","14.6000003815"
"2019-05-04T23:26:58+00:00","15.6999998093"
"2019-05-04T23:27:58+00:00","15.8999996185"
"2019-05-04T23:28:58+00:00","15.6000003815"
"2019-05-04T23:29:58+00:00","16.3999996185"
"2019-05-04T23:30:58+00:00","16.5"
"2019-05-04T23:31:58+00:00","15.8999996185"
"2019-05-04T23:32:58+00:00","16.1000003815"
"2019-05-04T23:33:58+00:00","16.7999992371"
"2019-05-04T23:34:58+00:00","16.6000003815"
"2019-05-04T23:35:58+00:00","17"
"2019-05-04T23:36:58+00:00","16.1000003815"
"2019-05-04T23:37:58+00:00","17.7999992371"
"2019-05-04T23:38:58+00:00","17.2000007629"
"2019-05-04T23:39:58+00:00","16.2999992371"
"2019-05-04T23:40:58+00:00","16.3999996185"
"2019-05-04T23:41:58+00:00","17.7000007629"
"2019-05-04T23:42:58+00:00","18.5"
"2019-05-04T23:43:58+00:00","18.6000003815"
"2019-05-04T23:44:58+00:00","19.6000003815"
"2019-05-04T23:45:58+00:00","18.7000007629"
"2019-05-04T23:46:58+00:00","18.8999996185"
"2019-05-04T23:47:58+00:00","20.2999992371"
"2019-05-04T23:48:58+00:00","19.7000007629"
"2019-05-04T23:49:58+00:00","20.7999992371"
"2019-05-04T23:50:58+00:00","19.7000007629"
"2019-05-04T23:51:58+00:00","18.7999992371"
"2019-05-04T23:52:58+00:00","19.2999992371"
"2019-05-04T23:53:58+00:00","19.6000003815"
"2019-05-04T23:54:58+00:00","19.7000007629"
"2019-05-04T23:55:58+00:00","18.8999996185"
"2019-05-04T23:56:58+00:00","19"
"2019-05-04T23:57:58+00:00","19.5"
"2019-05-04T23:58:58+00:00","18.3999996185"
"2019-05-04T23:59:58+00:00","19.3999996185"
