"datetime","value"
"2019-07-11T00:00:00+00:00","13.8000001907"
"2019-07-11T00:01:00+00:00","14.3999996185"
"2019-07-11T00:02:00+00:00","13.6000003815"
"2019-07-11T00:03:00+00:00","13.1999998093"
"2019-07-11T00:04:00+00:00","13.1000003815"
"2019-07-11T00:05:00+00:00","13.1000003815"
"2019-07-11T00:06:00+00:00","13.6000003815"
"2019-07-11T00:07:00+00:00","13.6999998093"
"2019-07-11T00:08:00+00:00","14.1999998093"
"2019-07-11T00:09:00+00:00","14.5"
"2019-07-11T00:10:00+00:00","14.5"
"2019-07-11T00:11:00+00:00","14.6000003815"
"2019-07-11T00:12:00+00:00","15.3000001907"
"2019-07-11T00:13:00+00:00","15.3999996185"
"2019-07-11T00:14:00+00:00","15"
"2019-07-11T00:15:00+00:00","14.6999998093"
"2019-07-11T00:16:00+00:00","15"
"2019-07-11T00:17:00+00:00","14.6999998093"
"2019-07-11T00:18:00+00:00","13.8999996185"
"2019-07-11T00:19:00+00:00","14.8"
"2019-07-11T00:20:00+00:00","14.8999996185"
"2019-07-11T00:21:00+00:00","14.6999998093"
"2019-07-11T00:22:00+00:00","14.8000001907"
"2019-07-11T00:23:00+00:00","14"
"2019-07-11T00:24:00+00:00","13.8000001907"
"2019-07-11T00:25:00+00:00","14.5"
"2019-07-11T00:26:00+00:00","14.8999996185"
"2019-07-11T00:27:00+00:00","15.8000001907"
"2019-07-11T00:28:00+00:00","16.7999992371"
"2019-07-11T00:29:00+00:00","16.5"
"2019-07-11T00:30:00+00:00","14.8000001907"
"2019-07-11T00:31:00+00:00","12.8000001907"
"2019-07-11T00:32:00+00:00","12.6"
"2019-07-11T00:33:00+00:00","12.3999996185"
"2019-07-11T00:34:00+00:00","12"
"2019-07-11T00:35:00+00:00","11.3999996185"
"2019-07-11T00:36:00+00:00","11.5"
"2019-07-11T00:37:00+00:00","11.6000003815"
"2019-07-11T00:38:00+00:00","12"
"2019-07-11T00:39:00+00:00","11.6999998093"
"2019-07-11T00:40:00+00:00","11.8000001907"
"2019-07-11T00:41:00+00:00","11.8000001907"
"2019-07-11T00:42:00+00:00","12.1999998093"
"2019-07-11T00:43:00+00:00","11.8000001907"
"2019-07-11T00:44:00+00:00","12.1000003815"
"2019-07-11T00:45:00+00:00","11.8999996185"
"2019-07-11T00:46:00+00:00","12.8"
"2019-07-11T00:47:00+00:00","12.1000003815"
"2019-07-11T00:48:00+00:00","12.3999996185"
"2019-07-11T00:49:00+00:00","12.1999998093"
"2019-07-11T00:50:00+00:00","12.1000003815"
"2019-07-11T00:51:00+00:00","12.1999998093"
"2019-07-11T00:52:00+00:00","12.5"
"2019-07-11T00:53:00+00:00","12.1999998093"
"2019-07-11T00:54:00+00:00","12.6999998093"
"2019-07-11T00:55:00+00:00","13"
"2019-07-11T00:56:00+00:00","13.1000003815"
"2019-07-11T00:57:00+00:00","13.5"
"2019-07-11T00:58:00+00:00","14.3999996185"
"2019-07-11T00:59:00+00:00","14.6000003815"
"2019-07-11T01:00:00+00:00","14.8999996185"
"2019-07-11T01:01:00+00:00","15.3999996185"
"2019-07-11T01:02:00+00:00","15.6999998093"
"2019-07-11T01:03:00+00:00","14.6999998093"
"2019-07-11T01:04:00+00:00","15.1000003815"
"2019-07-11T01:05:00+00:00","15.1999998093"
"2019-07-11T01:06:00+00:00","13.3"
"2019-07-11T01:07:00+00:00","13.1000003815"
"2019-07-11T01:08:00+00:00","13.1999998093"
"2019-07-11T01:09:00+00:00","13.1999998093"
"2019-07-11T01:10:00+00:00","11.6000003815"
"2019-07-11T01:11:00+00:00","10.8000001907"
"2019-07-11T01:12:00+00:00","10.5"
"2019-07-11T01:13:00+00:00","9.89999961853"
"2019-07-11T01:14:00+00:00","9.10000038147"
"2019-07-11T01:15:00+00:00","8.60000038147"
"2019-07-11T01:16:00+00:00","8.30000019073"
"2019-07-11T01:17:00+00:00","8.10000038147"
"2019-07-11T01:18:00+00:00","8"
"2019-07-11T01:19:00+00:00","7.5"
"2019-07-11T01:20:00+00:00","21.5"
"2019-07-11T01:21:00+00:00","26.6000003815"
"2019-07-11T01:22:00+00:00","23.2000007629"
"2019-07-11T01:23:00+00:00","19.2999992371"
"2019-07-11T01:24:00+00:00","18.7999992371"
"2019-07-11T01:25:00+00:00","18"
"2019-07-11T01:26:00+00:00","18.2"
"2019-07-11T01:27:00+00:00","18.1000003815"
"2019-07-11T01:28:00+00:00","18.1000003815"
"2019-07-11T01:29:00+00:00","17.2000007629"
"2019-07-11T01:30:00+00:00","18.7999992371"
"2019-07-11T01:31:00+00:00","19.2999992371"
"2019-07-11T01:32:00+00:00","20.7999992371"
"2019-07-11T01:33:00+00:00","22.1000003815"
"2019-07-11T01:34:00+00:00","19.8999996185"
"2019-07-11T01:35:00+00:00","20.2000007629"
"2019-07-11T01:36:00+00:00","12.2"
"2019-07-11T01:37:00+00:00","9.69999980927"
"2019-07-11T01:38:00+00:00","12.8999996185"
"2019-07-11T01:39:00+00:00","15.3999996185"
"2019-07-11T01:40:00+00:00","14.8999996185"
"2019-07-11T01:41:00+00:00","22.8"
"2019-07-11T01:42:00+00:00","21.8999996185"
"2019-07-11T01:43:00+00:00","13.5"
"2019-07-11T01:44:00+00:00","8.89999961853"
"2019-07-11T01:45:00+00:00","9.10000038147"
"2019-07-11T01:46:00+00:00","9"
"2019-07-11T01:47:00+00:00","9.5"
"2019-07-11T01:48:00+00:00","9.39999961853"
"2019-07-11T01:49:00+00:00","9.60000038147"
"2019-07-11T01:50:00+00:00","9"
"2019-07-11T01:51:00+00:00","28.2000007629"
"2019-07-11T01:52:00+00:00","23.3999996185"
"2019-07-11T01:53:00+00:00","22.5"
"2019-07-11T01:54:00+00:00","22.5"
"2019-07-11T01:55:00+00:00","23.1000003815"
"2019-07-11T01:56:00+00:00","22.1"
"2019-07-11T01:57:00+00:00","20.8999996185"
"2019-07-11T01:58:00+00:00","21.7000007629"
"2019-07-11T01:59:00+00:00","21.1000003815"
"2019-07-11T02:00:00+00:00","21.7999992371"
"2019-07-11T02:01:00+00:00","22.9"
"2019-07-11T02:02:00+00:00","21.2999992371"
"2019-07-11T02:03:00+00:00","19.2000007629"
"2019-07-11T02:04:00+00:00","17.7000007629"
"2019-07-11T02:05:00+00:00","19.6000003815"
"2019-07-11T02:06:00+00:00","20.7999992371"
"2019-07-11T02:07:00+00:00","20.3999996185"
"2019-07-11T02:08:00+00:00","20.1000003815"
"2019-07-11T02:09:00+00:00","20.1000003815"
"2019-07-11T02:10:00+00:00","22.1000003815"
"2019-07-11T02:11:00+00:00","22.5"
"2019-07-11T02:12:00+00:00","23"
"2019-07-11T02:13:00+00:00","23"
"2019-07-11T02:14:00+00:00","23.6000003815"
"2019-07-11T02:15:00+00:00","17.3999996185"
"2019-07-11T02:16:00+00:00","15.6999998093"
"2019-07-11T02:17:00+00:00","13.7"
"2019-07-11T02:18:00+00:00","12.8000001907"
"2019-07-11T02:19:00+00:00","9.69999980927"
"2019-07-11T02:20:00+00:00","9.10000038147"
"2019-07-11T02:21:00+00:00","9.5"
"2019-07-11T02:22:00+00:00","9.5"
"2019-07-11T02:23:00+00:00","9.19999980927"
"2019-07-11T02:24:00+00:00","9.80000019073"
"2019-07-11T02:25:00+00:00","9.19999980927"
"2019-07-11T02:26:00+00:00","9.5"
"2019-07-11T02:27:00+00:00","9.69999980927"
"2019-07-11T02:28:00+00:00","10"
"2019-07-11T02:29:00+00:00","10.3000001907"
"2019-07-11T02:30:00+00:00","10.6999998093"
"2019-07-11T02:31:00+00:00","10.5"
"2019-07-11T02:32:00+00:00","10.5"
"2019-07-11T02:33:00+00:00","10.1999998093"
"2019-07-11T02:34:00+00:00","9.19999980927"
"2019-07-11T02:35:00+00:00","9.5"
"2019-07-11T02:36:00+00:00","10.5"
"2019-07-11T02:37:00+00:00","18.2000007629"
"2019-07-11T02:38:00+00:00","21.3999996185"
"2019-07-11T02:39:00+00:00","10.1999998093"
"2019-07-11T02:40:00+00:00","17.1000003815"
"2019-07-11T02:41:00+00:00","78.1999969482"
"2019-07-11T02:42:00+00:00","83.1999969482"
"2019-07-11T02:43:00+00:00","88.8000030518"
"2019-07-11T02:44:00+00:00","93.8000030518"
"2019-07-11T02:45:00+00:00","87.1999969482"
"2019-07-11T02:46:00+00:00","91"
"2019-07-11T02:47:00+00:00","91.6999969482"
"2019-07-11T02:48:00+00:00","88.1999969482"
"2019-07-11T02:49:00+00:00","93.0999984741"
"2019-07-11T02:50:00+00:00","88.5999984741"
"2019-07-11T02:51:00+00:00","82.1999969482"
"2019-07-11T02:52:00+00:00","84.8000030518"
"2019-07-11T02:53:00+00:00","78.9000015259"
"2019-07-11T02:54:00+00:00","79.4000015259"
"2019-07-11T02:55:00+00:00","77.5"
"2019-07-11T02:56:00+00:00","76.8000030518"
"2019-07-11T02:57:00+00:00","74.5"
"2019-07-11T02:58:00+00:00","76.6999969482"
"2019-07-11T02:59:00+00:00","75.5999984741"
"2019-07-11T03:00:00+00:00","78.1999969482"
"2019-07-11T03:01:00+00:00","80.4000015259"
"2019-07-11T03:02:00+00:00","83.1999969482"
"2019-07-11T03:03:00+00:00","82.1999969482"
"2019-07-11T03:04:00+00:00","82.8000030518"
"2019-07-11T03:05:00+00:00","82"
"2019-07-11T03:06:00+00:00","82.5999984741"
"2019-07-11T03:07:00+00:00","79.5"
"2019-07-11T03:08:00+00:00","74.1999969482"
"2019-07-11T03:09:00+00:00","71.5"
"2019-07-11T03:10:00+00:00","73.1999969482"
"2019-07-11T03:11:00+00:00","79.9000015259"
"2019-07-11T03:12:00+00:00","90.9000015259"
"2019-07-11T03:13:00+00:00","91.1999969482"
"2019-07-11T03:14:00+00:00","93.4000015259"
"2019-07-11T03:15:00+00:00","89.6999969482"
"2019-07-11T03:16:00+00:00","84.1999969482"
"2019-07-11T03:17:00+00:00","85.5"
"2019-07-11T03:18:00+00:00","85.0999984741"
"2019-07-11T03:19:00+00:00","87"
"2019-07-11T03:20:00+00:00","85.0999984741"
"2019-07-11T03:21:00+00:00","78.6999969482"
"2019-07-11T03:22:00+00:00","80.5999984741"
"2019-07-11T03:23:00+00:00","75"
"2019-07-11T03:24:00+00:00","75.1999969482"
"2019-07-11T03:25:00+00:00","73.6999969482"
"2019-07-11T03:27:00+00:00","75.1999969482"
"2019-07-11T03:28:00+00:00","70.0999984741"
"2019-07-11T03:29:00+00:00","69.5"
"2019-07-11T03:30:00+00:00","67.5"
"2019-07-11T03:31:00+00:00","72"
"2019-07-11T03:32:00+00:00","77.8000030518"
"2019-07-11T03:33:00+00:00","75.9000015259"
"2019-07-11T03:34:00+00:00","72"
"2019-07-11T03:35:00+00:00","78.3000030518"
"2019-07-11T03:36:00+00:00","80.5999984741"
"2019-07-11T03:37:00+00:00","87.9000015259"
"2019-07-11T03:38:00+00:00","92.4000015259"
"2019-07-11T03:39:00+00:00","93.9000015259"
"2019-07-11T03:40:00+00:00","90.4000015259"
"2019-07-11T03:41:00+00:00","86.8000030518"
"2019-07-11T03:42:00+00:00","94.5"
"2019-07-11T03:43:00+00:00","97.9000015259"
"2019-07-11T03:44:00+00:00","99.5"
"2019-07-11T03:45:00+00:00","85.1999969482"
"2019-07-11T03:46:00+00:00","80.6999969482"
"2019-07-11T03:47:00+00:00","84.9000015259"
"2019-07-11T03:48:00+00:00","90.6999969482"
"2019-07-11T03:49:00+00:00","89.5"
"2019-07-11T03:50:00+00:00","103.199996948"
"2019-07-11T03:51:00+00:00","99.5999984741"
"2019-07-11T03:52:00+00:00","98.3000030518"
"2019-07-11T03:53:00+00:00","78.4000015259"
"2019-07-11T03:54:00+00:00","77.9000015259"
"2019-07-11T03:55:00+00:00","79.4000015259"
"2019-07-11T03:56:00+00:00","83.9000015259"
"2019-07-11T03:57:00+00:00","82"
"2019-07-11T03:58:00+00:00","84.0999984741"
"2019-07-11T03:59:00+00:00","85.9000015259"
"2019-07-11T04:00:00+00:00","84.3000030518"
"2019-07-11T04:01:00+00:00","90.0999984741"
"2019-07-11T04:02:00+00:00","92.0999984741"
"2019-07-11T04:03:00+00:00","90.0999984741"
"2019-07-11T04:04:00+00:00","89.5"
"2019-07-11T04:05:00+00:00","86.3000030518"
"2019-07-11T04:06:00+00:00","85"
"2019-07-11T04:07:00+00:00","86.4000015259"
"2019-07-11T04:08:00+00:00","89"
"2019-07-11T04:09:00+00:00","94.8000030518"
"2019-07-11T04:10:00+00:00","95.5"
"2019-07-11T04:11:00+00:00","85.0999984741"
"2019-07-11T04:12:00+00:00","79.5"
"2019-07-11T04:13:00+00:00","74.9000015259"
"2019-07-11T04:14:00+00:00","110.900001526"
"2019-07-11T04:15:00+00:00","107.099998474"
"2019-07-11T04:16:00+00:00","108.4"
"2019-07-11T04:17:00+00:00","114.599998474"
"2019-07-11T04:18:00+00:00","99.0999984741"
"2019-07-11T04:19:00+00:00","78.5999984741"
"2019-07-11T04:20:00+00:00","72.5999984741"
"2019-07-11T04:21:00+00:00","62"
"2019-07-11T04:22:00+00:00","63.7999992371"
"2019-07-11T04:23:00+00:00","66.0999984741"
"2019-07-11T04:24:00+00:00","66.8000030518"
"2019-07-11T04:25:00+00:00","61.7000007629"
"2019-07-11T04:26:00+00:00","67.4000015259"
"2019-07-11T04:27:00+00:00","65.8000030518"
"2019-07-11T04:28:00+00:00","67.6999969482"
"2019-07-11T04:29:00+00:00","64.0999984741"
"2019-07-11T04:30:00+00:00","93.1999969482"
"2019-07-11T04:31:00+00:00","72"
"2019-07-11T04:32:00+00:00","74.3000030518"
"2019-07-11T04:33:00+00:00","85.5"
"2019-07-11T04:34:00+00:00","87.9000015259"
"2019-07-11T04:35:00+00:00","86.8000030518"
"2019-07-11T04:36:00+00:00","89.9"
"2019-07-11T04:37:00+00:00","94"
"2019-07-11T04:38:00+00:00","96.0999984741"
"2019-07-11T04:39:00+00:00","97.8000030518"
"2019-07-11T04:40:00+00:00","97.4000015259"
"2019-07-11T04:41:00+00:00","96.5"
"2019-07-11T04:42:00+00:00","98.1999969482"
"2019-07-11T04:43:00+00:00","82.4000015259"
"2019-07-11T04:44:00+00:00","79.3000030518"
"2019-07-11T04:45:00+00:00","78.1999969482"
"2019-07-11T04:46:00+00:00","80.6"
"2019-07-11T04:47:00+00:00","75.5"
"2019-07-11T04:48:00+00:00","77"
"2019-07-11T04:49:00+00:00","107.900001526"
"2019-07-11T04:50:00+00:00","94.6999969482"
"2019-07-11T04:51:00+00:00","86.4000015259"
"2019-07-11T04:52:00+00:00","84.4000015259"
"2019-07-11T04:53:00+00:00","82.5999984741"
"2019-07-11T04:54:00+00:00","82"
"2019-07-11T04:55:00+00:00","84.5"
"2019-07-11T04:56:00+00:00","82.8"
"2019-07-11T04:57:00+00:00","77.9000015259"
"2019-07-11T04:58:00+00:00","78.8000030518"
"2019-07-11T04:59:00+00:00","81.8000030518"
"2019-07-11T05:00:00+00:00","81.5"
"2019-07-11T05:01:00+00:00","82"
"2019-07-11T05:02:00+00:00","82.5"
"2019-07-11T05:03:00+00:00","85.4000015259"
"2019-07-11T05:04:00+00:00","88"
"2019-07-11T05:05:00+00:00","85.5"
"2019-07-11T05:06:00+00:00","81.9"
"2019-07-11T05:07:00+00:00","88.6999969482"
"2019-07-11T05:08:00+00:00","97"
"2019-07-11T05:09:00+00:00","102.900001526"
"2019-07-11T05:10:00+00:00","107.699996948"
"2019-07-11T05:11:00+00:00","106"
"2019-07-11T05:12:00+00:00","108.699996948"
"2019-07-11T05:13:00+00:00","108"
"2019-07-11T05:14:00+00:00","108.300003052"
"2019-07-11T05:15:00+00:00","106.599998474"
"2019-07-11T05:16:00+00:00","107.5"
"2019-07-11T05:17:00+00:00","107"
"2019-07-11T05:18:00+00:00","106.099998474"
"2019-07-11T05:19:00+00:00","104.199996948"
"2019-07-11T05:20:00+00:00","102.900001526"
"2019-07-11T05:21:00+00:00","103.8"
"2019-07-11T05:22:00+00:00","102.900001526"
"2019-07-11T05:23:00+00:00","101.5"
"2019-07-11T05:24:00+00:00","103.300003052"
"2019-07-11T05:25:00+00:00","101.199996948"
"2019-07-11T05:26:00+00:00","98.6"
"2019-07-11T05:27:00+00:00","103.300003052"
"2019-07-11T05:28:00+00:00","101.1"
"2019-07-11T05:29:00+00:00","96.9000015259"
"2019-07-11T05:30:00+00:00","97.8000030518"
"2019-07-11T05:31:00+00:00","100.599998474"
"2019-07-11T05:32:00+00:00","95.0999984741"
"2019-07-11T05:33:00+00:00","94.9000015259"
"2019-07-11T05:34:00+00:00","96.8000030518"
"2019-07-11T05:35:00+00:00","98.0999984741"
"2019-07-11T05:36:00+00:00","97.5"
"2019-07-11T05:37:00+00:00","96.6999969482"
"2019-07-11T05:38:00+00:00","99.5"
"2019-07-11T05:39:00+00:00","99.0999984741"
"2019-07-11T05:40:00+00:00","99.5999984741"
"2019-07-11T05:41:00+00:00","102.800003052"
"2019-07-11T05:42:00+00:00","104.900001526"
"2019-07-11T05:43:00+00:00","104.800003052"
"2019-07-11T05:44:00+00:00","105.5"
"2019-07-11T05:45:00+00:00","104.699996948"
"2019-07-11T05:46:00+00:00","106.1"
"2019-07-11T05:47:00+00:00","105.099998474"
"2019-07-11T05:48:00+00:00","103"
"2019-07-11T05:49:00+00:00","101.300003052"
"2019-07-11T05:50:00+00:00","101.699996948"
"2019-07-11T05:51:00+00:00","101.900001526"
"2019-07-11T05:52:00+00:00","98.9000015259"
"2019-07-11T05:53:00+00:00","96.5"
"2019-07-11T05:54:00+00:00","83.6999969482"
"2019-07-11T05:55:00+00:00","94.1999969482"
"2019-07-11T05:56:00+00:00","90.4"
"2019-07-11T05:57:00+00:00","91.1999969482"
"2019-07-11T05:58:00+00:00","90.5"
"2019-07-11T05:59:00+00:00","89.5"
"2019-07-11T06:00:00+00:00","84.5"
"2019-07-11T06:01:00+00:00","86.9000015259"
"2019-07-11T06:02:00+00:00","82.5"
"2019-07-11T06:03:00+00:00","69.4000015259"
"2019-07-11T06:04:00+00:00","68.5999984741"
"2019-07-11T06:05:00+00:00","71.9000015259"
"2019-07-11T06:06:00+00:00","67.5"
"2019-07-11T06:07:00+00:00","72.0999984741"
"2019-07-11T06:08:00+00:00","75.5"
"2019-07-11T06:09:00+00:00","66.8000030518"
"2019-07-11T06:10:00+00:00","68.9000015259"
"2019-07-11T06:11:00+00:00","72.9000015259"
"2019-07-11T06:12:00+00:00","79.6999969482"
"2019-07-11T06:13:00+00:00","67.8000030518"
"2019-07-11T06:14:00+00:00","70.0999984741"
"2019-07-11T06:15:00+00:00","68.8000030518"
"2019-07-11T06:16:00+00:00","66.1"
"2019-07-11T06:17:00+00:00","67.9000015259"
"2019-07-11T06:18:00+00:00","71.6999969482"
"2019-07-11T06:19:00+00:00","72.8000030518"
"2019-07-11T06:20:00+00:00","72.8000030518"
"2019-07-11T06:21:00+00:00","72.5"
"2019-07-11T06:22:00+00:00","71.4000015259"
"2019-07-11T06:23:00+00:00","73"
"2019-07-11T06:24:00+00:00","74"
"2019-07-11T06:25:00+00:00","71.1999969482"
"2019-07-11T06:26:00+00:00","66.7"
"2019-07-11T06:27:00+00:00","72.0999984741"
"2019-07-11T06:28:00+00:00","71.6999969482"
"2019-07-11T06:29:00+00:00","71.6999969482"
"2019-07-11T06:30:00+00:00","72.9000015259"
"2019-07-11T06:31:00+00:00","74.4000015259"
"2019-07-11T06:32:00+00:00","69.6999969482"
"2019-07-11T06:33:00+00:00","69.1999969482"
"2019-07-11T06:34:00+00:00","67.5999984741"
"2019-07-11T06:35:00+00:00","74.0999984741"
"2019-07-11T06:36:00+00:00","76.2"
"2019-07-11T06:37:00+00:00","77.4000015259"
"2019-07-11T06:38:00+00:00","75.1999969482"
"2019-07-11T06:39:00+00:00","79.8000030518"
"2019-07-11T06:40:00+00:00","78.3000030518"
"2019-07-11T06:41:00+00:00","82.6999969482"
"2019-07-11T06:42:00+00:00","84.8000030518"
"2019-07-11T06:43:00+00:00","83.3000030518"
"2019-07-11T06:44:00+00:00","82.3000030518"
"2019-07-11T06:45:00+00:00","80.5999984741"
"2019-07-11T06:46:00+00:00","82.6"
"2019-07-11T06:47:00+00:00","79"
"2019-07-11T06:48:00+00:00","81.5999984741"
"2019-07-11T06:49:00+00:00","79.5999984741"
"2019-07-11T06:50:00+00:00","78.9000015259"
"2019-07-11T06:51:00+00:00","80.5"
"2019-07-11T06:52:00+00:00","80.9000015259"
"2019-07-11T06:53:00+00:00","80.5999984741"
"2019-07-11T06:54:00+00:00","79.0999984741"
"2019-07-11T06:55:00+00:00","77.8000030518"
"2019-07-11T06:56:00+00:00","87.4"
"2019-07-11T06:57:00+00:00","77.9000015259"
"2019-07-11T06:58:00+00:00","77.6999969482"
"2019-07-11T06:59:00+00:00","78.4000015259"
"2019-07-11T07:00:00+00:00","80.4000015259"
"2019-07-11T07:01:00+00:00","79"
"2019-07-11T07:02:00+00:00","81.9000015259"
"2019-07-11T07:03:00+00:00","70.5"
"2019-07-11T07:04:00+00:00","71.5"
"2019-07-11T07:05:00+00:00","71.8000030518"
"2019-07-11T07:06:00+00:00","73.6"
"2019-07-11T07:07:00+00:00","73.4000015259"
"2019-07-11T07:08:00+00:00","72.5"
"2019-07-11T07:09:00+00:00","73.8000030518"
"2019-07-11T07:10:00+00:00","70.8000030518"
"2019-07-11T07:11:00+00:00","72.5"
"2019-07-11T07:12:00+00:00","74.4000015259"
"2019-07-11T07:13:00+00:00","75.1999969482"
"2019-07-11T07:14:00+00:00","75.6999969482"
"2019-07-11T07:15:00+00:00","78.9000015259"
"2019-07-11T07:16:00+00:00","75.1"
"2019-07-11T07:17:00+00:00","80.5"
"2019-07-11T07:18:00+00:00","78.5"
"2019-07-11T07:19:00+00:00","76.6999969482"
"2019-07-11T07:20:00+00:00","76.1999969482"
"2019-07-11T07:21:00+00:00","76.8000030518"
"2019-07-11T07:22:00+00:00","79.3000030518"
"2019-07-11T07:23:00+00:00","76"
"2019-07-11T07:24:00+00:00","76.9000015259"
"2019-07-11T07:25:00+00:00","82.8000030518"
"2019-07-11T07:26:00+00:00","77.7"
"2019-07-11T07:27:00+00:00","73.4000015259"
"2019-07-11T07:28:00+00:00","78.5999984741"
"2019-07-11T07:29:00+00:00","79.9000015259"
"2019-07-11T07:30:00+00:00","76.4000015259"
"2019-07-11T07:31:00+00:00","93.1999969482"
"2019-07-11T07:32:00+00:00","68.4000015259"
"2019-07-11T07:33:00+00:00","68.9000015259"
"2019-07-11T07:34:00+00:00","91.6999969482"
"2019-07-11T07:35:00+00:00","81.4000015259"
"2019-07-11T07:36:00+00:00","75"
"2019-07-11T07:37:00+00:00","75"
"2019-07-11T07:38:00+00:00","75.5"
"2019-07-11T07:39:00+00:00","74.1999969482"
"2019-07-11T07:40:00+00:00","77.1999969482"
"2019-07-11T07:41:00+00:00","72.4000015259"
"2019-07-11T07:42:00+00:00","70"
"2019-07-11T07:43:00+00:00","77.4000015259"
"2019-07-11T07:44:00+00:00","76.4000015259"
"2019-07-11T07:45:00+00:00","70.5"
"2019-07-11T07:46:00+00:00","72.6"
"2019-07-11T07:47:00+00:00","86.3000030518"
"2019-07-11T07:48:00+00:00","86.8000030518"
"2019-07-11T07:49:00+00:00","77.8000030518"
"2019-07-11T07:50:00+00:00","80.0999984741"
"2019-07-11T07:51:00+00:00","91.5999984741"
"2019-07-11T07:52:00+00:00","74.6999969482"
"2019-07-11T07:53:00+00:00","83.5999984741"
"2019-07-11T07:54:00+00:00","83.1999969482"
"2019-07-11T07:55:00+00:00","87.8000030518"
"2019-07-11T07:56:00+00:00","70.6"
"2019-07-11T07:57:00+00:00","75.5999984741"
"2019-07-11T07:58:00+00:00","76.8000030518"
"2019-07-11T07:59:00+00:00","86.1999969482"
"2019-07-11T08:00:00+00:00","84.9000015259"
"2019-07-11T08:01:00+00:00","96.3000030518"
"2019-07-11T08:02:00+00:00","81.0999984741"
"2019-07-11T08:03:00+00:00","70.9000015259"
"2019-07-11T08:04:00+00:00","77.9000015259"
"2019-07-11T08:05:00+00:00","72.8000030518"
"2019-07-11T08:06:00+00:00","73.3"
"2019-07-11T08:07:00+00:00","66.8000030518"
"2019-07-11T08:08:00+00:00","69"
"2019-07-11T08:09:00+00:00","75.0999984741"
"2019-07-11T08:10:00+00:00","60.2999992371"
"2019-07-11T08:11:00+00:00","62.9000015259"
"2019-07-11T08:12:00+00:00","62.9000015259"
"2019-07-11T08:13:00+00:00","69.9000015259"
"2019-07-11T08:14:00+00:00","64.0999984741"
"2019-07-11T08:15:00+00:00","77.5999984741"
"2019-07-11T08:16:00+00:00","79.8"
"2019-07-11T08:17:00+00:00","75.9000015259"
"2019-07-11T08:18:00+00:00","81.5999984741"
"2019-07-11T08:19:00+00:00","77"
"2019-07-11T08:20:00+00:00","78.5999984741"
"2019-07-11T08:21:00+00:00","84.5999984741"
"2019-07-11T08:22:00+00:00","84.0999984741"
"2019-07-11T08:23:00+00:00","79.8000030518"
"2019-07-11T08:24:00+00:00","71.1999969482"
"2019-07-11T08:25:00+00:00","66.5999984741"
"2019-07-11T08:26:00+00:00","80.3"
"2019-07-11T08:27:00+00:00","74.3000030518"
"2019-07-11T08:28:00+00:00","75.8000030518"
"2019-07-11T08:29:00+00:00","72.6999969482"
"2019-07-11T08:30:00+00:00","72.6999969482"
"2019-07-11T08:31:00+00:00","72.8000030518"
"2019-07-11T08:32:00+00:00","76.8000030518"
"2019-07-11T08:33:00+00:00","74.3000030518"
"2019-07-11T08:34:00+00:00","80.5999984741"
"2019-07-11T08:35:00+00:00","83.6999969482"
"2019-07-11T08:36:00+00:00","76.7"
"2019-07-11T08:37:00+00:00","80.0999984741"
"2019-07-11T08:38:00+00:00","83.3000030518"
"2019-07-11T08:39:00+00:00","67.0999984741"
"2019-07-11T08:40:00+00:00","63.5999984741"
"2019-07-11T08:41:00+00:00","73"
"2019-07-11T08:42:00+00:00","81.3000030518"
"2019-07-11T08:43:00+00:00","79.3000030518"
"2019-07-11T08:44:00+00:00","71.6999969482"
"2019-07-11T08:45:00+00:00","69.9000015259"
"2019-07-11T08:46:00+00:00","74.9"
"2019-07-11T08:47:00+00:00","63.4000015259"
"2019-07-11T08:48:00+00:00","69.0999984741"
"2019-07-11T08:49:00+00:00","70.6999969482"
"2019-07-11T08:50:00+00:00","74.5"
"2019-07-11T08:51:00+00:00","66.9000015259"
"2019-07-11T08:52:00+00:00","66.5"
"2019-07-11T08:53:00+00:00","65.6999969482"
"2019-07-11T08:54:00+00:00","74.1999969482"
"2019-07-11T08:55:00+00:00","78.3000030518"
"2019-07-11T08:56:00+00:00","68.7"
"2019-07-11T08:57:00+00:00","74"
"2019-07-11T08:58:00+00:00","67.0999984741"
"2019-07-11T08:59:00+00:00","68.8000030518"
"2019-07-11T09:00:00+00:00","80.3000030518"
"2019-07-11T09:01:00+00:00","70.5"
"2019-07-11T09:02:00+00:00","73.5"
"2019-07-11T09:03:00+00:00","70.5"
"2019-07-11T09:04:00+00:00","70.4000015259"
"2019-07-11T09:05:00+00:00","70.6999969482"
"2019-07-11T09:06:00+00:00","75"
"2019-07-11T09:07:00+00:00","85.9000015259"
"2019-07-11T09:08:00+00:00","62.4000015259"
"2019-07-11T09:09:00+00:00","66.6999969482"
"2019-07-11T09:10:00+00:00","83"
"2019-07-11T09:11:00+00:00","74.9000015259"
"2019-07-11T09:12:00+00:00","74.5999984741"
"2019-07-11T09:13:00+00:00","77"
"2019-07-11T09:14:00+00:00","76.9000015259"
"2019-07-11T09:15:00+00:00","77.0999984741"
"2019-07-11T09:16:00+00:00","73.8"
"2019-07-11T09:17:00+00:00","77.5"
"2019-07-11T09:18:00+00:00","78.5"
"2019-07-11T09:19:00+00:00","73.8000030518"
"2019-07-11T09:20:00+00:00","71"
"2019-07-11T09:21:00+00:00","77.3000030518"
"2019-07-11T09:22:00+00:00","74.6999969482"
"2019-07-11T09:23:00+00:00","75.8000030518"
"2019-07-11T09:24:00+00:00","74.5"
"2019-07-11T09:25:00+00:00","80.5999984741"
"2019-07-11T09:26:00+00:00","80.1"
"2019-07-11T09:27:00+00:00","70.3000030518"
"2019-07-11T09:28:00+00:00","76.4000015259"
"2019-07-11T09:29:00+00:00","80.4000015259"
"2019-07-11T09:30:00+00:00","88.4000015259"
"2019-07-11T09:31:00+00:00","63.9000015259"
"2019-07-11T09:32:00+00:00","80.8000030518"
"2019-07-11T09:33:00+00:00","72"
"2019-07-11T09:34:00+00:00","72.0999984741"
"2019-07-11T09:35:00+00:00","68.9000015259"
"2019-07-11T09:36:00+00:00","63.7"
"2019-07-11T09:37:00+00:00","72.1999969482"
"2019-07-11T09:38:00+00:00","53.0999984741"
"2019-07-11T09:39:00+00:00","68.9000015259"
"2019-07-11T09:40:00+00:00","74.4000015259"
"2019-07-11T09:41:00+00:00","65"
"2019-07-11T09:42:00+00:00","65.1999969482"
"2019-07-11T09:43:00+00:00","71.5"
"2019-07-11T09:44:00+00:00","74.0999984741"
"2019-07-11T09:45:00+00:00","73.4000015259"
"2019-07-11T09:46:00+00:00","77.7"
"2019-07-11T09:47:00+00:00","64.5999984741"
"2019-07-11T09:48:00+00:00","68.8000030518"
"2019-07-11T09:49:00+00:00","70.4000015259"
"2019-07-11T09:50:00+00:00","68.9000015259"
"2019-07-11T09:51:00+00:00","68.1999969482"
"2019-07-11T09:52:00+00:00","78.5"
"2019-07-11T09:53:00+00:00","73.5"
"2019-07-11T09:54:00+00:00","66.5"
"2019-07-11T09:55:00+00:00","66.5"
"2019-07-11T09:56:00+00:00","64.1999969482"
"2019-07-11T09:57:00+00:00","66.6999969482"
"2019-07-11T09:58:00+00:00","69.0999984741"
"2019-07-11T09:59:00+00:00","72.0999984741"
"2019-07-11T10:00:00+00:00","70.8000030518"
"2019-07-11T10:01:00+00:00","74"
"2019-07-11T10:02:00+00:00","72.5999984741"
"2019-07-11T10:03:00+00:00","71.6999969482"
"2019-07-11T10:04:00+00:00","72.5"
"2019-07-11T10:05:00+00:00","71.5"
"2019-07-11T10:06:00+00:00","71.9000015259"
"2019-07-11T10:07:00+00:00","75.0999984741"
"2019-07-11T10:08:00+00:00","69.8000030518"
"2019-07-11T10:09:00+00:00","70.6999969482"
"2019-07-11T10:10:00+00:00","71.4000015259"
"2019-07-11T10:11:00+00:00","73.3000030518"
"2019-07-11T10:12:00+00:00","75.3000030518"
"2019-07-11T10:13:00+00:00","75.4000015259"
"2019-07-11T10:14:00+00:00","74.0999984741"
"2019-07-11T10:15:00+00:00","72.1999969482"
"2019-07-11T10:16:00+00:00","71.6"
"2019-07-11T10:17:00+00:00","70.3000030518"
"2019-07-11T10:18:00+00:00","70.1999969482"
"2019-07-11T10:19:00+00:00","70.0999984741"
"2019-07-11T10:20:00+00:00","71"
"2019-07-11T10:21:00+00:00","78.9000015259"
"2019-07-11T10:22:00+00:00","76.4000015259"
"2019-07-11T10:23:00+00:00","84.0999984741"
"2019-07-11T10:24:00+00:00","76"
"2019-07-11T10:25:00+00:00","69.1999969482"
"2019-07-11T10:26:00+00:00","67.3"
"2019-07-11T10:27:00+00:00","71.8000030518"
"2019-07-11T10:28:00+00:00","82"
"2019-07-11T10:29:00+00:00","86.3000030518"
"2019-07-11T10:30:00+00:00","89.3000030518"
"2019-07-11T10:31:00+00:00","87"
"2019-07-11T10:32:00+00:00","88.8000030518"
"2019-07-11T10:33:00+00:00","92.5"
"2019-07-11T10:34:00+00:00","93"
"2019-07-11T10:35:00+00:00","95.0999984741"
"2019-07-11T10:36:00+00:00","85.1"
"2019-07-11T10:37:00+00:00","78.3000030518"
"2019-07-11T10:38:00+00:00","78.1999969482"
"2019-07-11T10:39:00+00:00","86.9000015259"
"2019-07-11T10:40:00+00:00","93"
"2019-07-11T10:41:00+00:00","81.5"
"2019-07-11T10:42:00+00:00","79.5999984741"
"2019-07-11T10:43:00+00:00","81.5999984741"
"2019-07-11T10:44:00+00:00","81.5999984741"
"2019-07-11T10:45:00+00:00","83.3000030518"
"2019-07-11T10:46:00+00:00","89.9"
"2019-07-11T10:47:00+00:00","87.6999969482"
"2019-07-11T10:48:00+00:00","86"
"2019-07-11T10:49:00+00:00","86.0999984741"
"2019-07-11T10:50:00+00:00","86.5"
"2019-07-11T10:51:00+00:00","84.8000030518"
"2019-07-11T10:52:00+00:00","84.3000030518"
"2019-07-11T10:53:00+00:00","84.5999984741"
"2019-07-11T10:54:00+00:00","84.4000015259"
"2019-07-11T10:55:00+00:00","82.6999969482"
"2019-07-11T10:56:00+00:00","83.2"
"2019-07-11T10:57:00+00:00","83.5"
"2019-07-11T10:58:00+00:00","81.9000015259"
"2019-07-11T10:59:00+00:00","84.3000030518"
"2019-07-11T11:00:00+00:00","83.6999969482"
"2019-07-11T11:01:00+00:00","82"
"2019-07-11T11:02:00+00:00","80.5"
"2019-07-11T11:03:00+00:00","78"
"2019-07-11T11:04:00+00:00","76.3000030518"
"2019-07-11T11:05:00+00:00","81.9000015259"
"2019-07-11T11:06:00+00:00","83.3"
"2019-07-11T11:07:00+00:00","72.4000015259"
"2019-07-11T11:08:00+00:00","63.9000015259"
"2019-07-11T11:09:00+00:00","78.0999984741"
"2019-07-11T11:10:00+00:00","70"
"2019-07-11T11:11:00+00:00","67.1999969482"
"2019-07-11T11:12:00+00:00","73"
"2019-07-11T11:13:00+00:00","73.0999984741"
"2019-07-11T11:14:00+00:00","68"
"2019-07-11T11:15:00+00:00","70.5"
"2019-07-11T11:16:00+00:00","76.2"
"2019-07-11T11:17:00+00:00","71.6999969482"
"2019-07-11T11:18:00+00:00","76.0999984741"
"2019-07-11T11:19:00+00:00","75.5"
"2019-07-11T11:20:00+00:00","75.4000015259"
"2019-07-11T11:21:00+00:00","75.1999969482"
"2019-07-11T11:22:00+00:00","75.9000015259"
"2019-07-11T11:23:00+00:00","72.1999969482"
"2019-07-11T11:24:00+00:00","71.1999969482"
"2019-07-11T11:25:00+00:00","71"
"2019-07-11T11:26:00+00:00","77.9"
"2019-07-11T11:27:00+00:00","70.0999984741"
"2019-07-11T11:28:00+00:00","72"
"2019-07-11T11:29:00+00:00","84.4000015259"
"2019-07-11T11:30:00+00:00","84.4000015259"
"2019-07-11T11:31:00+00:00","83.0999984741"
"2019-07-11T11:32:00+00:00","76.3000030518"
"2019-07-11T11:33:00+00:00","68.1999969482"
"2019-07-11T11:34:00+00:00","65.3000030518"
"2019-07-11T11:35:00+00:00","65.3000030518"
"2019-07-11T11:36:00+00:00","65.2"
"2019-07-11T11:37:00+00:00","65.4000015259"
"2019-07-11T11:38:00+00:00","66.5"
"2019-07-11T11:39:00+00:00","68.8000030518"
"2019-07-11T11:40:00+00:00","68.8000030518"
"2019-07-11T11:41:00+00:00","65.0999984741"
"2019-07-11T11:42:00+00:00","53.5999984741"
"2019-07-11T11:43:00+00:00","53.5999984741"
"2019-07-11T11:44:00+00:00","59.4000015259"
"2019-07-11T11:45:00+00:00","66.0999984741"
"2019-07-11T11:46:00+00:00","69.1"
"2019-07-11T11:47:00+00:00","70.0999984741"
"2019-07-11T11:48:00+00:00","66.5"
"2019-07-11T11:49:00+00:00","74.5"
"2019-07-11T11:50:00+00:00","74.1999969482"
"2019-07-11T11:51:00+00:00","75.0999984741"
"2019-07-11T11:52:00+00:00","74"
"2019-07-11T11:53:00+00:00","72.5"
"2019-07-11T11:54:00+00:00","72.9000015259"
"2019-07-11T11:55:00+00:00","67.9000015259"
"2019-07-11T11:56:00+00:00","74.1"
"2019-07-11T11:57:00+00:00","68.5"
"2019-07-11T11:58:00+00:00","59.5"
"2019-07-11T11:59:00+00:00","58.9000015259"
"2019-07-11T12:00:00+00:00","61.2000007629"
"2019-07-11T12:01:00+00:00","62"
"2019-07-11T12:02:00+00:00","80.5999984741"
"2019-07-11T12:03:00+00:00","88.3000030518"
"2019-07-11T12:04:00+00:00","81.6999969482"
"2019-07-11T12:05:00+00:00","78.5"
"2019-07-11T12:06:00+00:00","77.2"
"2019-07-11T12:07:00+00:00","76.5"
"2019-07-11T12:08:00+00:00","77.8000030518"
"2019-07-11T12:09:00+00:00","75.5"
"2019-07-11T12:10:00+00:00","63.2000007629"
"2019-07-11T12:11:00+00:00","63.2000007629"
"2019-07-11T12:12:00+00:00","58.9000015259"
"2019-07-11T12:13:00+00:00","71.5"
"2019-07-11T12:14:00+00:00","75.5999984741"
"2019-07-11T12:15:00+00:00","77.9000015259"
"2019-07-11T12:16:00+00:00","61.3"
"2019-07-11T12:17:00+00:00","62.2999992371"
"2019-07-11T12:18:00+00:00","63.2999992371"
"2019-07-11T12:19:00+00:00","62.7000007629"
"2019-07-11T12:20:00+00:00","61.2000007629"
"2019-07-11T12:21:00+00:00","63.2999992371"
"2019-07-11T12:22:00+00:00","67.1999969482"
"2019-07-11T12:23:00+00:00","68.4000015259"
"2019-07-11T12:24:00+00:00","69.8000030518"
"2019-07-11T12:25:00+00:00","69.3000030518"
"2019-07-11T12:26:00+00:00","66.3"
"2019-07-11T12:27:00+00:00","67"
"2019-07-11T12:28:00+00:00","74.0999984741"
"2019-07-11T12:29:00+00:00","71.5"
"2019-07-11T12:30:00+00:00","70.4000015259"
"2019-07-11T12:31:00+00:00","72.4000015259"
"2019-07-11T12:32:00+00:00","73.1999969482"
"2019-07-11T12:33:00+00:00","66.0999984741"
"2019-07-11T12:34:00+00:00","66.4000015259"
"2019-07-11T12:35:00+00:00","66.6999969482"
"2019-07-11T12:36:00+00:00","61.7"
"2019-07-11T12:37:00+00:00","75.3000030518"
"2019-07-11T12:38:00+00:00","75.4000015259"
"2019-07-11T12:39:00+00:00","68.4000015259"
"2019-07-11T12:40:00+00:00","78.0999984741"
"2019-07-11T12:41:00+00:00","80.3000030518"
"2019-07-11T12:42:00+00:00","87.1999969482"
"2019-07-11T12:43:00+00:00","87"
"2019-07-11T12:44:00+00:00","85.5"
"2019-07-11T12:45:00+00:00","83.5"
"2019-07-11T12:46:00+00:00","85.1"
"2019-07-11T12:47:00+00:00","84.8000030518"
"2019-07-11T12:48:00+00:00","83.5"
"2019-07-11T12:49:00+00:00","82.6999969482"
"2019-07-11T12:50:00+00:00","84.9000015259"
"2019-07-11T12:51:00+00:00","84.3000030518"
"2019-07-11T12:52:00+00:00","88.9000015259"
"2019-07-11T12:53:00+00:00","88.9000015259"
"2019-07-11T12:54:00+00:00","85.0999984741"
"2019-07-11T12:55:00+00:00","89.5999984741"
"2019-07-11T12:56:00+00:00","88.8"
"2019-07-11T12:57:00+00:00","87.5999984741"
"2019-07-11T12:58:00+00:00","90.6999969482"
"2019-07-11T12:59:00+00:00","93.5"
"2019-07-11T13:00:00+00:00","86.5999984741"
"2019-07-11T13:01:00+00:00","96.3000030518"
"2019-07-11T13:02:00+00:00","87.9000015259"
"2019-07-11T13:03:00+00:00","80.4000015259"
"2019-07-11T13:04:00+00:00","77.0999984741"
"2019-07-11T13:05:00+00:00","75.0999984741"
"2019-07-11T13:06:00+00:00","71.6"
"2019-07-11T13:07:00+00:00","71.1999969482"
"2019-07-11T13:08:00+00:00","71.5999984741"
"2019-07-11T13:09:00+00:00","70.5"
"2019-07-11T13:10:00+00:00","70.5999984741"
"2019-07-11T13:11:00+00:00","70.5"
"2019-07-11T13:12:00+00:00","80.1999969482"
"2019-07-11T13:13:00+00:00","77.8000030518"
"2019-07-11T13:14:00+00:00","79.1999969482"
"2019-07-11T13:15:00+00:00","72.6999969482"
"2019-07-11T13:16:00+00:00","70"
"2019-07-11T13:17:00+00:00","74.1999969482"
"2019-07-11T13:18:00+00:00","72.5"
"2019-07-11T13:19:00+00:00","67.8000030518"
"2019-07-11T13:20:00+00:00","64.8000030518"
"2019-07-11T13:21:00+00:00","66.3000030518"
"2019-07-11T13:22:00+00:00","66.4000015259"
"2019-07-11T13:23:00+00:00","67.0999984741"
"2019-07-11T13:24:00+00:00","67.3000030518"
"2019-07-11T13:25:00+00:00","59.5999984741"
"2019-07-11T13:26:00+00:00","62.7999992371"
"2019-07-11T13:27:00+00:00","69.5"
"2019-07-11T13:28:00+00:00","72.3000030518"
"2019-07-11T13:29:00+00:00","72.5"
"2019-07-11T13:30:00+00:00","74.1999969482"
"2019-07-11T13:31:00+00:00","77.6999969482"
"2019-07-11T13:32:00+00:00","78.4000015259"
"2019-07-11T13:33:00+00:00","78.4000015259"
"2019-07-11T13:34:00+00:00","78"
"2019-07-11T13:35:00+00:00","79.6999969482"
"2019-07-11T13:36:00+00:00","78.3"
"2019-07-11T13:37:00+00:00","77.5999984741"
"2019-07-11T13:38:00+00:00","93.3000030518"
"2019-07-11T13:39:00+00:00","99.1999969482"
"2019-07-11T13:40:00+00:00","93.6999969482"
"2019-07-11T13:41:00+00:00","89.5"
"2019-07-11T13:42:00+00:00","96.8000030518"
"2019-07-11T13:43:00+00:00","104.400001526"
"2019-07-11T13:44:00+00:00","105"
"2019-07-11T13:45:00+00:00","99.1999969482"
"2019-07-11T13:46:00+00:00","95.4"
"2019-07-11T13:47:00+00:00","95.6999969482"
"2019-07-11T13:48:00+00:00","99.5"
"2019-07-11T13:49:00+00:00","101.5"
"2019-07-11T13:50:00+00:00","97.0999984741"
"2019-07-11T13:51:00+00:00","102.199996948"
"2019-07-11T13:52:00+00:00","101.900001526"
"2019-07-11T13:53:00+00:00","105.300003052"
"2019-07-11T13:54:00+00:00","85.1999969482"
"2019-07-11T13:55:00+00:00","81"
"2019-07-11T13:56:00+00:00","69.8"
"2019-07-11T13:57:00+00:00","67.9000015259"
"2019-07-11T13:58:00+00:00","66.9000015259"
"2019-07-11T13:59:00+00:00","66.5999984741"
"2019-07-11T14:00:00+00:00","66.8000030518"
"2019-07-11T14:01:00+00:00","68.5"
"2019-07-11T14:02:00+00:00","68.9000015259"
"2019-07-11T14:03:00+00:00","77.8000030518"
"2019-07-11T14:04:00+00:00","72.9000015259"
"2019-07-11T14:05:00+00:00","67.5999984741"
"2019-07-11T14:06:00+00:00","68.4"
"2019-07-11T14:07:00+00:00","69.8000030518"
"2019-07-11T14:08:00+00:00","69.3000030518"
"2019-07-11T14:09:00+00:00","68.1999969482"
"2019-07-11T14:10:00+00:00","68.1999969482"
"2019-07-11T14:11:00+00:00","68.5999984741"
"2019-07-11T14:12:00+00:00","73.0999984741"
"2019-07-11T14:13:00+00:00","68.5999984741"
"2019-07-11T14:14:00+00:00","69.8000030518"
"2019-07-11T14:15:00+00:00","69.5"
"2019-07-11T14:16:00+00:00","68.2"
"2019-07-11T14:17:00+00:00","66.9000015259"
"2019-07-11T14:18:00+00:00","70.9000015259"
"2019-07-11T14:19:00+00:00","90.5999984741"
"2019-07-11T14:20:00+00:00","101.599998474"
"2019-07-11T14:21:00+00:00","98.5999984741"
"2019-07-11T14:22:00+00:00","98.9000015259"
"2019-07-11T14:23:00+00:00","102.900001526"
"2019-07-11T14:24:00+00:00","101.900001526"
"2019-07-11T14:25:00+00:00","87.3000030518"
"2019-07-11T14:26:00+00:00","85.3"
"2019-07-11T14:27:00+00:00","86.8000030518"
"2019-07-11T14:28:00+00:00","90.0999984741"
"2019-07-11T14:29:00+00:00","86.4000015259"
"2019-07-11T14:30:00+00:00","87.0999984741"
"2019-07-11T14:31:00+00:00","83"
"2019-07-11T14:32:00+00:00","82.3000030518"
"2019-07-11T14:33:00+00:00","81.4000015259"
"2019-07-11T14:34:00+00:00","81.5999984741"
"2019-07-11T14:35:00+00:00","79.1999969482"
"2019-07-11T14:36:00+00:00","79.9"
"2019-07-11T14:37:00+00:00","76.4000015259"
"2019-07-11T14:38:00+00:00","77.5"
"2019-07-11T14:39:00+00:00","79.5999984741"
"2019-07-11T14:40:00+00:00","81.1999969482"
"2019-07-11T14:41:00+00:00","78.1999969482"
"2019-07-11T14:42:00+00:00","80.1999969482"
"2019-07-11T14:43:00+00:00","77.9000015259"
"2019-07-11T14:44:00+00:00","77.6999969482"
"2019-07-11T14:45:00+00:00","77.8000030518"
"2019-07-11T14:46:00+00:00","77.4"
"2019-07-11T14:47:00+00:00","78"
"2019-07-11T14:48:00+00:00","78"
"2019-07-11T14:49:00+00:00","74.8000030518"
"2019-07-11T14:50:00+00:00","71"
"2019-07-11T14:51:00+00:00","76.9000015259"
"2019-07-11T14:52:00+00:00","76.5999984741"
"2019-07-11T14:53:00+00:00","73.5999984741"
"2019-07-11T14:54:00+00:00","71.1999969482"
"2019-07-11T14:55:00+00:00","71.3000030518"
"2019-07-11T14:56:00+00:00","75.8"
"2019-07-11T14:57:00+00:00","76.6999969482"
"2019-07-11T14:58:00+00:00","79.9000015259"
"2019-07-11T14:59:00+00:00","80.4000015259"
"2019-07-11T15:00:00+00:00","81.5"
"2019-07-11T15:01:00+00:00","86.5"
"2019-07-11T15:02:00+00:00","88.3000030518"
"2019-07-11T15:03:00+00:00","92.5999984741"
"2019-07-11T15:04:00+00:00","89"
"2019-07-11T15:05:00+00:00","87.3000030518"
"2019-07-11T15:06:00+00:00","84"
"2019-07-11T15:07:00+00:00","80.9000015259"
"2019-07-11T15:08:00+00:00","78.5"
"2019-07-11T15:09:00+00:00","77.4000015259"
"2019-07-11T15:10:00+00:00","80.5"
"2019-07-11T15:11:00+00:00","88.9000015259"
"2019-07-11T15:12:00+00:00","88"
"2019-07-11T15:13:00+00:00","82.4000015259"
"2019-07-11T15:14:00+00:00","74.1999969482"
"2019-07-11T15:15:00+00:00","72.8000030518"
"2019-07-11T15:16:00+00:00","89"
"2019-07-11T15:17:00+00:00","84.8000030518"
"2019-07-11T15:18:00+00:00","89.4000015259"
"2019-07-11T15:19:00+00:00","89"
"2019-07-11T15:20:00+00:00","89"
"2019-07-11T15:21:00+00:00","90.1999969482"
"2019-07-11T15:22:00+00:00","87.4000015259"
"2019-07-11T15:23:00+00:00","91.8000030518"
"2019-07-11T15:24:00+00:00","89"
"2019-07-11T15:25:00+00:00","90.0999984741"
"2019-07-11T15:26:00+00:00","82.2"
"2019-07-11T15:27:00+00:00","80.1999969482"
"2019-07-11T15:28:00+00:00","81.0999984741"
"2019-07-11T15:29:00+00:00","81.6999969482"
"2019-07-11T15:30:00+00:00","78.5"
"2019-07-11T15:31:00+00:00","80.5"
"2019-07-11T15:32:00+00:00","75.5999984741"
"2019-07-11T15:33:00+00:00","85.5999984741"
"2019-07-11T15:34:00+00:00","76.1999969482"
"2019-07-11T15:35:00+00:00","69.4000015259"
"2019-07-11T15:36:00+00:00","73.3"
"2019-07-11T15:37:00+00:00","76.9000015259"
"2019-07-11T15:38:00+00:00","79.4000015259"
"2019-07-11T15:39:00+00:00","81.4000015259"
"2019-07-11T15:40:00+00:00","81.0999984741"
"2019-07-11T15:41:00+00:00","82"
"2019-07-11T15:42:00+00:00","83.9000015259"
"2019-07-11T15:43:00+00:00","83.3000030518"
"2019-07-11T15:44:00+00:00","109.800003052"
"2019-07-11T15:45:00+00:00","120.400001526"
"2019-07-11T15:46:00+00:00","121.2"
"2019-07-11T15:47:00+00:00","119.5"
"2019-07-11T15:48:00+00:00","119.699996948"
"2019-07-11T15:49:00+00:00","117.800003052"
"2019-07-11T15:50:00+00:00","118.199996948"
"2019-07-11T15:51:00+00:00","116.199996948"
"2019-07-11T15:52:00+00:00","117.199996948"
"2019-07-11T15:53:00+00:00","116.800003052"
"2019-07-11T15:54:00+00:00","116.800003052"
"2019-07-11T15:55:00+00:00","112.5"
"2019-07-11T15:56:00+00:00","112.3"
"2019-07-11T15:57:00+00:00","112.900001526"
"2019-07-11T15:58:00+00:00","112.699996948"
"2019-07-11T15:59:00+00:00","114.199996948"
"2019-07-11T16:00:00+00:00","113.099998474"
"2019-07-11T16:01:00+00:00","112.5"
"2019-07-11T16:02:00+00:00","109.900001526"
"2019-07-11T16:03:00+00:00","111.699996948"
"2019-07-11T16:04:00+00:00","110.199996948"
"2019-07-11T16:05:00+00:00","111.400001526"
"2019-07-11T16:06:00+00:00","107.8"
"2019-07-11T16:07:00+00:00","106.400001526"
"2019-07-11T16:08:00+00:00","110.5"
"2019-07-11T16:09:00+00:00","106.099998474"
"2019-07-11T16:10:00+00:00","103"
"2019-07-11T16:11:00+00:00","101.199996948"
"2019-07-11T16:12:00+00:00","97.0999984741"
"2019-07-11T16:13:00+00:00","98.3000030518"
"2019-07-11T16:14:00+00:00","94.8000030518"
"2019-07-11T16:15:00+00:00","90.6999969482"
"2019-07-11T16:16:00+00:00","90.5999984741"
"2019-07-11T16:17:00+00:00","90.6999969482"
"2019-07-11T16:18:00+00:00","82.6999969482"
"2019-07-11T16:19:00+00:00","80"
"2019-07-11T16:20:00+00:00","72.5999984741"
"2019-07-11T16:21:00+00:00","65.4000015259"
"2019-07-11T16:22:00+00:00","69.0999984741"
"2019-07-11T16:23:00+00:00","77.1999969482"
"2019-07-11T16:24:00+00:00","92.1999969482"
"2019-07-11T16:25:00+00:00","95.6999969482"
"2019-07-11T16:26:00+00:00","96.5"
"2019-07-11T16:27:00+00:00","91.4000015259"
"2019-07-11T16:28:00+00:00","92.9000015259"
"2019-07-11T16:29:00+00:00","87.9000015259"
"2019-07-11T16:30:00+00:00","88.5999984741"
"2019-07-11T16:31:00+00:00","79.9000015259"
"2019-07-11T16:32:00+00:00","82.8000030518"
"2019-07-11T16:33:00+00:00","74.9000015259"
"2019-07-11T16:34:00+00:00","74.3000030518"
"2019-07-11T16:35:00+00:00","83"
"2019-07-11T16:36:00+00:00","73.3"
"2019-07-11T16:37:00+00:00","72.4000015259"
"2019-07-11T16:38:00+00:00","81.5999984741"
"2019-07-11T16:39:00+00:00","72.5999984741"
"2019-07-11T16:40:00+00:00","71.9000015259"
"2019-07-11T16:41:00+00:00","71.8"
"2019-07-11T16:42:00+00:00","61.4000015259"
"2019-07-11T16:43:00+00:00","68.4000015259"
"2019-07-11T16:44:00+00:00","55.0999984741"
"2019-07-11T16:45:00+00:00","68"
"2019-07-11T16:46:00+00:00","79.4000015259"
"2019-07-11T16:47:00+00:00","71.8000030518"
"2019-07-11T16:48:00+00:00","60.7000007629"
"2019-07-11T16:49:00+00:00","53.2000007629"
"2019-07-11T16:50:00+00:00","45.5"
"2019-07-11T16:51:00+00:00","26.6000003815"
"2019-07-11T16:52:00+00:00","1.20000004768"
"2019-07-11T16:53:00+00:00","1.20000004768"
"2019-07-11T16:54:00+00:00","1.29999995232"
"2019-07-11T16:55:00+00:00","1.5"
"2019-07-11T16:56:00+00:00","1.60000002384"
"2019-07-11T16:57:00+00:00","1.7"
"2019-07-11T16:58:00+00:00","1.79999995232"
"2019-07-11T16:59:00+00:00","1.89999997616"
"2019-07-11T17:00:00+00:00","1.70000004768"
"2019-07-11T17:01:00+00:00","1.70000004768"
"2019-07-11T17:02:00+00:00","1.60000002384"
"2019-07-11T17:03:00+00:00","1.60000002384"
"2019-07-11T17:04:00+00:00","1.70000004768"
"2019-07-11T17:05:00+00:00","1.60000002384"
"2019-07-11T17:06:00+00:00","1.7"
"2019-07-11T17:07:00+00:00","1.70000004768"
"2019-07-11T17:08:00+00:00","1.89999997616"
"2019-07-11T17:09:00+00:00","1.89999997616"
"2019-07-11T17:10:00+00:00","1.79999995232"
"2019-07-11T17:11:00+00:00","1.70000004768"
"2019-07-11T17:12:00+00:00","1.70000004768"
"2019-07-11T17:13:00+00:00","1.89999997616"
"2019-07-11T17:14:00+00:00","1.89999997616"
"2019-07-11T17:15:00+00:00","1.60000002384"
"2019-07-11T17:16:00+00:00","1.6"
"2019-07-11T17:17:00+00:00","1.79999995232"
"2019-07-11T17:18:00+00:00","2.20000004768"
"2019-07-11T17:19:00+00:00","2.09999990463"
"2019-07-11T17:20:00+00:00","2.20000004768"
"2019-07-11T17:21:00+00:00","2"
"2019-07-11T17:22:00+00:00","1.89999997616"
"2019-07-11T17:23:00+00:00","1.89999997616"
"2019-07-11T17:24:00+00:00","1.79999995232"
"2019-07-11T17:25:00+00:00","1.70000004768"
"2019-07-11T17:26:00+00:00","1.7"
"2019-07-11T17:27:00+00:00","1.79999995232"
"2019-07-11T17:28:00+00:00","1.79999995232"
"2019-07-11T17:29:00+00:00","1.70000004768"
"2019-07-11T17:30:00+00:00","1.70000004768"
"2019-07-11T17:31:00+00:00","1.29999995232"
"2019-07-11T17:32:00+00:00","1.70000004768"
"2019-07-11T17:33:00+00:00","1.60000002384"
"2019-07-11T17:34:00+00:00","1.60000002384"
"2019-07-11T17:35:00+00:00","1.60000002384"
"2019-07-11T17:36:00+00:00","1.9"
"2019-07-11T17:37:00+00:00","1.89999997616"
"2019-07-11T17:38:00+00:00","1.79999995232"
"2019-07-11T17:39:00+00:00","1.89999997616"
"2019-07-11T17:40:00+00:00","1.89999997616"
"2019-07-11T17:41:00+00:00","1.89999997616"
"2019-07-11T17:42:00+00:00","2"
"2019-07-11T17:43:00+00:00","1.89999997616"
"2019-07-11T17:44:00+00:00","2"
"2019-07-11T17:45:00+00:00","1.89999997616"
"2019-07-11T17:46:00+00:00","1.89999997616"
"2019-07-11T17:47:00+00:00","1.89999997616"
"2019-07-11T17:48:00+00:00","2"
"2019-07-11T17:49:00+00:00","2"
"2019-07-11T17:50:00+00:00","2"
"2019-07-11T17:51:00+00:00","1.89999997616"
"2019-07-11T17:52:00+00:00","1.89999997616"
"2019-07-11T17:53:00+00:00","1.89999997616"
"2019-07-11T17:54:00+00:00","1.39999997616"
"2019-07-11T17:55:00+00:00","1.29999995232"
"2019-07-11T17:56:00+00:00","1.3"
"2019-07-11T17:57:00+00:00","1.29999995232"
"2019-07-11T17:58:00+00:00","1.5"
"2019-07-11T17:59:00+00:00","1.70000004768"
"2019-07-11T18:00:00+00:00","1.29999995232"
"2019-07-11T18:01:00+00:00","1.1"
"2019-07-11T18:02:00+00:00","1.70000004768"
"2019-07-11T18:03:00+00:00","2"
"2019-07-11T18:04:00+00:00","1.79999995232"
"2019-07-11T18:05:00+00:00","2.09999990463"
"2019-07-11T18:06:00+00:00","1.79999995232"
"2019-07-11T18:07:00+00:00","1.79999995232"
"2019-07-11T18:08:00+00:00","1.5"
"2019-07-11T18:09:00+00:00","1.60000002384"
"2019-07-11T18:10:00+00:00","1.60000002384"
"2019-07-11T18:11:00+00:00","1.60000002384"
"2019-07-11T18:12:00+00:00","1.60000002384"
"2019-07-11T18:13:00+00:00","1.70000004768"
"2019-07-11T18:14:00+00:00","1.60000002384"
"2019-07-11T18:15:00+00:00","1.60000002384"
"2019-07-11T18:16:00+00:00","1.60000002384"
"2019-07-11T18:17:00+00:00","1.5"
"2019-07-11T18:18:00+00:00","1.5"
"2019-07-11T18:19:00+00:00","1.79999995232"
"2019-07-11T18:20:00+00:00","2.29999995232"
"2019-07-11T18:21:00+00:00","2.20000004768"
"2019-07-11T18:22:00+00:00","2.40000009537"
"2019-07-11T18:23:00+00:00","2.20000004768"
"2019-07-11T18:24:00+00:00","2.20000004768"
"2019-07-11T18:25:00+00:00","2"
"2019-07-11T18:26:00+00:00","2.2"
"2019-07-11T18:27:00+00:00","2.29999995232"
"2019-07-11T18:28:00+00:00","2.09999990463"
"2019-07-11T18:29:00+00:00","2.29999995232"
"2019-07-11T18:30:00+00:00","2"
"2019-07-11T18:31:00+00:00","2"
"2019-07-11T18:32:00+00:00","2.09999990463"
"2019-07-11T18:33:00+00:00","2"
"2019-07-11T18:34:00+00:00","1.89999997616"
"2019-07-11T18:35:00+00:00","1.89999997616"
"2019-07-11T18:36:00+00:00","1.8"
"2019-07-11T18:37:00+00:00","1.89999997616"
"2019-07-11T18:38:00+00:00","1.79999995232"
"2019-07-11T18:39:00+00:00","1.89999997616"
"2019-07-11T18:40:00+00:00","1.89999997616"
"2019-07-11T18:41:00+00:00","1.89999997616"
"2019-07-11T18:42:00+00:00","1.89999997616"
"2019-07-11T18:43:00+00:00","2"
"2019-07-11T18:44:00+00:00","2.20000004768"
"2019-07-11T18:45:00+00:00","2.20000004768"
"2019-07-11T18:46:00+00:00","2.8"
"2019-07-11T18:47:00+00:00","2"
"2019-07-11T18:48:00+00:00","2.20000004768"
"2019-07-11T18:49:00+00:00","2.20000004768"
"2019-07-11T18:50:00+00:00","2"
"2019-07-11T18:51:00+00:00","2.09999990463"
"2019-07-11T18:52:00+00:00","2.09999990463"
"2019-07-11T18:53:00+00:00","2.20000004768"
"2019-07-11T18:54:00+00:00","2.20000004768"
"2019-07-11T18:55:00+00:00","2.29999995232"
"2019-07-11T18:56:00+00:00","2.5"
"2019-07-11T18:57:00+00:00","2"
"2019-07-11T18:58:00+00:00","2"
"2019-07-11T18:59:00+00:00","2.09999990463"
"2019-07-11T19:00:00+00:00","1.79999995232"
"2019-07-11T19:01:00+00:00","1.70000004768"
"2019-07-11T19:02:00+00:00","1.70000004768"
"2019-07-11T19:03:00+00:00","1.60000002384"
"2019-07-11T19:04:00+00:00","1.5"
"2019-07-11T19:05:00+00:00","1.5"
"2019-07-11T19:06:00+00:00","1.6"
"2019-07-11T19:07:00+00:00","1.5"
"2019-07-11T19:08:00+00:00","1.5"
"2019-07-11T19:09:00+00:00","1.5"
"2019-07-11T19:10:00+00:00","1.5"
"2019-07-11T19:11:00+00:00","1.39999997616"
"2019-07-11T19:12:00+00:00","1.39999997616"
"2019-07-11T19:13:00+00:00","1.5"
"2019-07-11T19:14:00+00:00","1.5"
"2019-07-11T19:15:00+00:00","1.39999997616"
"2019-07-11T19:16:00+00:00","1.4"
"2019-07-11T19:17:00+00:00","1.5"
"2019-07-11T19:18:00+00:00","1.5"
"2019-07-11T19:19:00+00:00","1.5"
"2019-07-11T19:20:00+00:00","1.5"
"2019-07-11T19:21:00+00:00","1.39999997616"
"2019-07-11T19:22:00+00:00","1.39999997616"
"2019-07-11T19:23:00+00:00","1.39999997616"
"2019-07-11T19:24:00+00:00","1.39999997616"
"2019-07-11T19:25:00+00:00","1.5"
"2019-07-11T19:26:00+00:00","1.39999997616"
"2019-07-11T19:27:00+00:00","1.5"
"2019-07-11T19:28:00+00:00","1.39999997616"
"2019-07-11T19:29:00+00:00","1.39999997616"
"2019-07-11T19:30:00+00:00","1.5"
"2019-07-11T19:31:00+00:00","1.39999997616"
"2019-07-11T19:32:00+00:00","1.5"
"2019-07-11T19:33:00+00:00","1.60000002384"
"2019-07-11T19:34:00+00:00","1.5"
"2019-07-11T19:35:00+00:00","1.60000002384"
"2019-07-11T19:36:00+00:00","1.5"
"2019-07-11T19:37:00+00:00","1.5"
"2019-07-11T19:38:00+00:00","1.5"
"2019-07-11T19:39:00+00:00","1.5"
"2019-07-11T19:40:00+00:00","1.39999997616"
"2019-07-11T19:41:00+00:00","1.5"
"2019-07-11T19:42:00+00:00","1.5"
"2019-07-11T19:43:00+00:00","1.60000002384"
"2019-07-11T19:44:00+00:00","1.60000002384"
"2019-07-11T19:45:00+00:00","1.60000002384"
"2019-07-11T19:46:00+00:00","1.5"
"2019-07-11T19:47:00+00:00","1.5"
"2019-07-11T19:48:00+00:00","1.60000002384"
"2019-07-11T19:49:00+00:00","1.5"
"2019-07-11T19:50:00+00:00","1.5"
"2019-07-11T19:51:00+00:00","1.39999997616"
"2019-07-11T19:52:00+00:00","1.39999997616"
"2019-07-11T19:53:00+00:00","1.5"
"2019-07-11T19:54:00+00:00","1.5"
"2019-07-11T19:55:00+00:00","1.5"
"2019-07-11T19:56:00+00:00","1.5"
"2019-07-11T19:57:00+00:00","1.70000004768"
"2019-07-11T19:58:00+00:00","1.5"
"2019-07-11T19:59:00+00:00","1.70000004768"
"2019-07-11T20:00:00+00:00","1.60000002384"
"2019-07-11T20:01:00+00:00","1.79999995232"
"2019-07-11T20:02:00+00:00","1.60000002384"
"2019-07-11T20:03:00+00:00","1.60000002384"
"2019-07-11T20:04:00+00:00","1.70000004768"
"2019-07-11T20:05:00+00:00","1.60000002384"
"2019-07-11T20:06:00+00:00","1.5"
"2019-07-11T20:07:00+00:00","1.60000002384"
"2019-07-11T20:08:00+00:00","1.5"
"2019-07-11T20:09:00+00:00","1.5"
"2019-07-11T20:10:00+00:00","1.60000002384"
"2019-07-11T20:11:00+00:00","1.60000002384"
"2019-07-11T20:12:00+00:00","1.5"
"2019-07-11T20:13:00+00:00","1.60000002384"
"2019-07-11T20:14:00+00:00","1.5"
"2019-07-11T20:15:00+00:00","1.5"
"2019-07-11T20:16:00+00:00","1.5"
"2019-07-11T20:17:00+00:00","1.60000002384"
"2019-07-11T20:18:00+00:00","1.60000002384"
"2019-07-11T20:19:00+00:00","1.60000002384"
"2019-07-11T20:20:00+00:00","1.5"
"2019-07-11T20:21:00+00:00","1.60000002384"
"2019-07-11T20:22:00+00:00","1.60000002384"
"2019-07-11T20:23:00+00:00","1.60000002384"
"2019-07-11T20:24:00+00:00","1.60000002384"
"2019-07-11T20:25:00+00:00","1.5"
"2019-07-11T20:26:00+00:00","1.5"
"2019-07-11T20:27:00+00:00","1.5"
"2019-07-11T20:28:00+00:00","1.5"
"2019-07-11T20:29:00+00:00","1.39999997616"
"2019-07-11T20:30:00+00:00","1.5"
"2019-07-11T20:31:00+00:00","1.5"
"2019-07-11T20:32:00+00:00","1.5"
"2019-07-11T20:33:00+00:00","1.60000002384"
"2019-07-11T20:34:00+00:00","1.60000002384"
"2019-07-11T20:35:00+00:00","1.60000002384"
"2019-07-11T20:36:00+00:00","1.6"
"2019-07-11T20:37:00+00:00","1.60000002384"
"2019-07-11T20:38:00+00:00","1.5"
"2019-07-11T20:39:00+00:00","1.5"
"2019-07-11T20:40:00+00:00","1.5"
"2019-07-11T20:41:00+00:00","1.5"
"2019-07-11T20:42:00+00:00","1.60000002384"
"2019-07-11T20:43:00+00:00","1.70000004768"
"2019-07-11T20:44:00+00:00","1.70000004768"
"2019-07-11T20:45:00+00:00","1.70000004768"
"2019-07-11T20:46:00+00:00","1.7"
"2019-07-11T20:47:00+00:00","1.79999995232"
"2019-07-11T20:48:00+00:00","1.89999997616"
"2019-07-11T20:49:00+00:00","1.89999997616"
"2019-07-11T20:50:00+00:00","1.79999995232"
"2019-07-11T20:51:00+00:00","1.89999997616"
"2019-07-11T20:52:00+00:00","2"
"2019-07-11T20:53:00+00:00","1.89999997616"
"2019-07-11T20:54:00+00:00","2"
"2019-07-11T20:55:00+00:00","2"
"2019-07-11T20:56:00+00:00","1.89999997616"
"2019-07-11T20:57:00+00:00","1.70000004768"
"2019-07-11T20:58:00+00:00","1.79999995232"
"2019-07-11T20:59:00+00:00","1.79999995232"
"2019-07-11T21:00:00+00:00","1.79999995232"
"2019-07-11T21:01:00+00:00","2"
"2019-07-11T21:02:00+00:00","2"
"2019-07-11T21:03:00+00:00","1.89999997616"
"2019-07-11T21:04:00+00:00","1.79999995232"
"2019-07-11T21:05:00+00:00","1.60000002384"
"2019-07-11T21:06:00+00:00","1.6"
"2019-07-11T21:07:00+00:00","1.60000002384"
"2019-07-11T21:08:00+00:00","1.5"
"2019-07-11T21:09:00+00:00","1.60000002384"
"2019-07-11T21:10:00+00:00","1.60000002384"
"2019-07-11T21:11:00+00:00","1.5"
"2019-07-11T21:12:00+00:00","1.5"
"2019-07-11T21:13:00+00:00","1.5"
"2019-07-11T21:14:00+00:00","1.5"
"2019-07-11T21:15:00+00:00","1.5"
"2019-07-11T21:16:00+00:00","1.60000002384"
"2019-07-11T21:17:00+00:00","1.70000004768"
"2019-07-11T21:18:00+00:00","1.79999995232"
"2019-07-11T21:19:00+00:00","1.89999997616"
"2019-07-11T21:20:00+00:00","1.89999997616"
"2019-07-11T21:21:00+00:00","1.89999997616"
"2019-07-11T21:22:00+00:00","1.70000004768"
"2019-07-11T21:23:00+00:00","1.79999995232"
"2019-07-11T21:24:00+00:00","1.70000004768"
"2019-07-11T21:25:00+00:00","1.79999995232"
"2019-07-11T21:26:00+00:00","1.7"
"2019-07-11T21:27:00+00:00","1.89999997616"
"2019-07-11T21:28:00+00:00","1.70000004768"
"2019-07-11T21:29:00+00:00","1.70000004768"
"2019-07-11T21:30:00+00:00","1.79999995232"
"2019-07-11T21:31:00+00:00","1.9"
"2019-07-11T21:32:00+00:00","1.70000004768"
"2019-07-11T21:33:00+00:00","1.89999997616"
"2019-07-11T21:34:00+00:00","1.79999995232"
"2019-07-11T21:35:00+00:00","1.89999997616"
"2019-07-11T21:36:00+00:00","2.09999990463"
"2019-07-11T21:37:00+00:00","2"
"2019-07-11T21:38:00+00:00","1.89999997616"
"2019-07-11T21:39:00+00:00","1.89999997616"
"2019-07-11T21:40:00+00:00","2"
"2019-07-11T21:41:00+00:00","2"
"2019-07-11T21:42:00+00:00","1.89999997616"
"2019-07-11T21:43:00+00:00","1.89999997616"
"2019-07-11T21:44:00+00:00","2"
"2019-07-11T21:45:00+00:00","1.89999997616"
"2019-07-11T21:46:00+00:00","1.89999997616"
"2019-07-11T21:47:00+00:00","1.89999997616"
"2019-07-11T21:48:00+00:00","1.70000004768"
"2019-07-11T21:49:00+00:00","1.7"
"2019-07-11T21:50:00+00:00","1.60000002384"
"2019-07-11T21:51:00+00:00","1.70000004768"
"2019-07-11T21:52:00+00:00","1.60000002384"
"2019-07-11T21:53:00+00:00","1.60000002384"
"2019-07-11T21:54:00+00:00","1.60000002384"
"2019-07-11T21:55:00+00:00","1.60000002384"
"2019-07-11T21:56:00+00:00","1.60000002384"
"2019-07-11T21:57:00+00:00","1.5"
"2019-07-11T21:58:00+00:00","1.5"
"2019-07-11T21:59:00+00:00","1.60000002384"
"2019-07-11T22:00:00+00:00","1.60000002384"
"2019-07-11T22:01:00+00:00","1.7"
"2019-07-11T22:02:00+00:00","1.60000002384"
"2019-07-11T22:03:00+00:00","1.70000004768"
"2019-07-11T22:04:00+00:00","1.70000004768"
"2019-07-11T22:05:00+00:00","1.70000004768"
"2019-07-11T22:06:00+00:00","1.70000004768"
"2019-07-11T22:07:00+00:00","1.79999995232"
"2019-07-11T22:08:00+00:00","1.60000002384"
"2019-07-11T22:09:00+00:00","1.60000002384"
"2019-07-11T22:10:00+00:00","1.60000002384"
"2019-07-11T22:11:00+00:00","1.60000002384"
"2019-07-11T22:12:00+00:00","1.5"
"2019-07-11T22:13:00+00:00","1.5"
"2019-07-11T22:14:00+00:00","1.60000002384"
"2019-07-11T22:15:00+00:00","1.60000002384"
"2019-07-11T22:16:00+00:00","1.5"
"2019-07-11T22:17:00+00:00","1.5"
"2019-07-11T22:18:00+00:00","1.5"
"2019-07-11T22:19:00+00:00","1.5"
"2019-07-11T22:20:00+00:00","1.5"
"2019-07-11T22:21:00+00:00","1.5"
"2019-07-11T22:22:00+00:00","1.60000002384"
"2019-07-11T22:23:00+00:00","1.5"
"2019-07-11T22:24:00+00:00","1.60000002384"
"2019-07-11T22:25:00+00:00","1.60000002384"
"2019-07-11T22:26:00+00:00","1.70000004768"
"2019-07-11T22:27:00+00:00","1.60000002384"
"2019-07-11T22:28:00+00:00","1.70000004768"
"2019-07-11T22:29:00+00:00","1.79999995232"
"2019-07-11T22:30:00+00:00","1.89999997616"
"2019-07-11T22:31:00+00:00","1.70000004768"
"2019-07-11T22:32:00+00:00","1.60000002384"
"2019-07-11T22:33:00+00:00","1.60000002384"
"2019-07-11T22:34:00+00:00","1.5"
"2019-07-11T22:35:00+00:00","1.5"
"2019-07-11T22:36:00+00:00","1.6"
"2019-07-11T22:37:00+00:00","1.60000002384"
"2019-07-11T22:38:00+00:00","1.70000004768"
"2019-07-11T22:39:00+00:00","1.60000002384"
"2019-07-11T22:40:00+00:00","1.60000002384"
"2019-07-11T22:41:00+00:00","1.70000004768"
"2019-07-11T22:42:00+00:00","1.60000002384"
"2019-07-11T22:43:00+00:00","1.70000004768"
"2019-07-11T22:44:00+00:00","1.70000004768"
"2019-07-11T22:45:00+00:00","1.70000004768"
"2019-07-11T22:46:00+00:00","1.70000004768"
"2019-07-11T22:47:00+00:00","1.70000004768"
"2019-07-11T22:48:00+00:00","2"
"2019-07-11T22:49:00+00:00","2.09999990463"
"2019-07-11T22:50:00+00:00","2.29999995232"
"2019-07-11T22:51:00+00:00","2.59999990463"
"2019-07-11T22:52:00+00:00","2.70000004768"
"2019-07-11T22:53:00+00:00","2.59999990463"
"2019-07-11T22:54:00+00:00","2.79999995232"
"2019-07-11T22:55:00+00:00","2.70000004768"
"2019-07-11T22:56:00+00:00","2.7"
"2019-07-11T22:57:00+00:00","2.5"
"2019-07-11T22:58:00+00:00","2.5"
"2019-07-11T22:59:00+00:00","2.5"
"2019-07-11T23:00:00+00:00","2.5"
"2019-07-11T23:01:00+00:00","2.40000009537"
"2019-07-11T23:02:00+00:00","2.29999995232"
"2019-07-11T23:03:00+00:00","2.40000009537"
"2019-07-11T23:04:00+00:00","2.29999995232"
"2019-07-11T23:05:00+00:00","2.20000004768"
"2019-07-11T23:06:00+00:00","2.40000009537"
"2019-07-11T23:07:00+00:00","2.40000009537"
"2019-07-11T23:08:00+00:00","2.5"
"2019-07-11T23:09:00+00:00","2.59999990463"
"2019-07-11T23:10:00+00:00","2.5"
"2019-07-11T23:11:00+00:00","2.5"
"2019-07-11T23:12:00+00:00","2.5"
"2019-07-11T23:13:00+00:00","2.70000004768"
"2019-07-11T23:14:00+00:00","2.70000004768"
"2019-07-11T23:15:00+00:00","2.59999990463"
"2019-07-11T23:16:00+00:00","2.90000009537"
"2019-07-11T23:17:00+00:00","2.79999995232"
"2019-07-11T23:18:00+00:00","2.70000004768"
"2019-07-11T23:19:00+00:00","3"
"2019-07-11T23:20:00+00:00","2.70000004768"
"2019-07-11T23:21:00+00:00","3.20000004768"
"2019-07-11T23:22:00+00:00","2.90000009537"
"2019-07-11T23:23:00+00:00","2.79999995232"
"2019-07-11T23:24:00+00:00","2.59999990463"
"2019-07-11T23:25:00+00:00","2.90000009537"
"2019-07-11T23:26:00+00:00","3.2"
"2019-07-11T23:27:00+00:00","2.90000009537"
"2019-07-11T23:28:00+00:00","3.09999990463"
"2019-07-11T23:29:00+00:00","2.59999990463"
"2019-07-11T23:30:00+00:00","2.70000004768"
"2019-07-11T23:31:00+00:00","2.70000004768"
"2019-07-11T23:32:00+00:00","2.40000009537"
"2019-07-11T23:33:00+00:00","2.29999995232"
"2019-07-11T23:34:00+00:00","2.59999990463"
"2019-07-11T23:35:00+00:00","2.79999995232"
"2019-07-11T23:36:00+00:00","3.09999990463"
"2019-07-11T23:37:00+00:00","3"
"2019-07-11T23:38:00+00:00","3.09999990463"
"2019-07-11T23:39:00+00:00","3"
"2019-07-11T23:40:00+00:00","3"
"2019-07-11T23:41:00+00:00","3.09999990463"
"2019-07-11T23:42:00+00:00","3.09999990463"
"2019-07-11T23:43:00+00:00","3"
"2019-07-11T23:44:00+00:00","3.1"
"2019-07-11T23:45:00+00:00","3.09999990463"
"2019-07-11T23:46:00+00:00","3.5"
"2019-07-11T23:47:00+00:00","3.20000004768"
"2019-07-11T23:48:00+00:00","3"
"2019-07-11T23:49:00+00:00","2.79999995232"
"2019-07-11T23:50:00+00:00","2.5"
"2019-07-11T23:51:00+00:00","2.59999990463"
"2019-07-11T23:52:00+00:00","2.5"
"2019-07-11T23:53:00+00:00","2.5"
"2019-07-11T23:54:00+00:00","2.20000004768"
"2019-07-11T23:55:00+00:00","2.09999990463"
"2019-07-11T23:56:00+00:00","2.1"
"2019-07-11T23:57:00+00:00","2.09999990463"
"2019-07-11T23:58:00+00:00","2.20000004768"
"2019-07-11T23:59:00+00:00","2.29999995232"
